NPs,Capping,Core_size,DLS_size,Zeta_potential,Shape,MBC,Class,Family,Species
Ag,Capped,6.8,24.77,37.3,spherical,1,Gammaproteobacteria,Enterobacteriaceae,Salmonella paratyphi
Ag,Capped,6.8,24.77,37.3,spherical,1.5,Gammaproteobacteria,Enterobacteriaceae,Salmonella ferruch 
Ag,Capped,6.8,24.77,37.3,spherical,0.625,Gammaproteobacteria,Enterobacteriaceae,Salmonella Durham 
Ag,Capped,6.8,24.77,37.3,spherical,0.313,Gammaproteobacteria,Enterobacteriaceae,Salmonella Durham 
Ag,Capped,6.8,24.77,37.3,spherical,0.625,Gammaproteobacteria,Enterobacteriaceae,Salmonella Mississippi 
Ag,Capped,6.8,24.77,37.3,spherical,0.625,Gammaproteobacteria,Enterobacteriaceae,Salmonella Mississippi 
Ag,Capped,6.8,24.77,37.3,spherical,0.625,Gammaproteobacteria,Enterobacteriaceae,Salmonella Mississippi 
Ag,Capped,6.8,24.77,37.3,spherical,0.313,Gammaproteobacteria,Enterobacteriaceae,Salmonella Mississippi 
Ag,Capped,6.8,24.77,37.3,spherical,0.313,Gammaproteobacteria,Enterobacteriaceae,Salmonella Mississippi 
Ag,Capped,6.8,24.77,37.3,spherical,0.313,Gammaproteobacteria,Enterobacteriaceae,Salmonella Mississippi 
Ag,Capped,6.8,24.77,37.3,spherical,0.625,Gammaproteobacteria,Enterobacteriaceae,Salmonella Mississippi 
Ag,Capped,6.8,24.77,37.3,spherical,0.078,Gammaproteobacteria,Enterobacteriaceae,Salmonella Mississippi 
Ag,Capped,6.8,24.77,37.3,spherical,0.625,Gammaproteobacteria,Enterobacteriaceae,Salmonella Mississippi 
Ag,Capped,6.8,24.77,37.3,spherical,1.25,Gammaproteobacteria,Enterobacteriaceae,Salmonella Stanleyville
Ag,Capped,6.8,24.77,37.3,spherical,0.313,Gammaproteobacteria,Enterobacteriaceae,Salmonella Mississippi 
Ag,Capped,6.8,24.77,37.3,spherical,0.313,Gammaproteobacteria,Enterobacteriaceae,Salmonella Kottbus
Ag,Capped,6.8,24.77,37.3,spherical,1.25,Gammaproteobacteria,Enterobacteriaceae,Salmonella Bonariensis
Ag,Capped,6.8,24.77,37.3,spherical,0.625,Gammaproteobacteria,Enterobacteriaceae,Salmonella Allerton
Ag,Capped,6.8,24.77,37.3,spherical,0.625,Gammaproteobacteria,Enterobacteriaceae,Salmonella Enteritidis 
Ag,Capped,6.8,24.77,37.3,spherical,0.313,Gammaproteobacteria,Enterobacteriaceae,Salmonella Enteritidis 
Ag,Capped,8,24,20.1,spherical,0.313,Gammaproteobacteria,Enterobacteriaceae,Klebsiella pneumoniae
Ag,Capped,8,24,20.1,spherical,0.078,Bacilli,Staphylococcaceae,Staphylococcus epidermidis
Ag,Capped,8,24,20.1,spherical,15,Gammaproteobacteria,Moraxellaceae,Acinetobacter baumanni
Ag,Capped,8,24,20.1,spherical,12,Gammaproteobacteria,Xanthomonadaceae,Stenotrophomonas maltophilia
Ag,Capped,22.8,91.2,34.7,Spherical,24,Bacilli,Staphylococcaceae,Staphylococcus aureus
Ag,Capped,22.8,91.2,34.7,spherical,18,Bacilli,Streptococcaceae,Streptococcus mutans
Ag,Capped,22.8,91.2,34.7,spherical,1100,Gammaproteobacteria,Enterobacteriaceae,Escherichia coli
Ag,Capped,22.8,91.2,34.7,Spherical,1100,Gammaproteobacteria,Enterobacteriaceae,Klebsiella pneumoniae
Ag,Capped,19.4,110.4,15.5,spherical,1400,Gammaproteobacteria,Pseudomonadaceae,Pseudomonas aeruginosa 
Ag,Capped,19.4,110.4,15.5,spherical,1400,Gammaproteobacteria,Enterobacteriaceae,Escherichia coli 
Ag,Capped,19.4,110.4,15.5,spherical,133,Bacilli,Staphylococcaceae,Staphylococcus epidermidis 
Ag,Capped,19.4,110.4,15.5,spherical,75,Bacilli,Staphylococcaceae,Staphylococcus aureus
Ag,Capped,19.4,110.4,15.5,spherical,233,Bacilli,Enterococcaceae,Enterococcus faecalis
Ag,Capped,19.4,110.4,15.5,spherical,92,Gammaproteobacteria,Enterobacteriaceae,Klebsiella pneumoniae
Ag,Capped,35,44,26.3,spherical,83,Gammaproteobacteria,Enterobacteriaceae,Escherichia coli
Ag,Capped,35,44,26.3,spherical,333,Gammaproteobacteria,Enterobacteriaceae,Klebsiella pneumoniae
Ag,Capped,35,44,26.3,spherical,10,Gammaproteobacteria,Pseudomonadaceae,Pseudomonas aeruginosa 
Ag,Capped,35,44,26.3,spherical,10,Bacilli,Staphylococcaceae,Staphylococcus aureus
Ag,Capped,12,32.16,7.2,spherical,10,Gammaproteobacteria,Enterobacteriaceae,Escherichia coli
Ag,Capped,12,32.16,7.2,spherical,10,Bacilli,Enterococcaceae,Enterococcus faecalis
Ag,Capped,12,32.16,7.2,spherical,10,Gammaproteobacteria,Enterobacteriaceae,Klebsiella pneumonia
Ag,Capped,12,32.16,7.2,spherical,250,Bacilli,Staphylococcaceae,Staphylococcus aureus 
Ag,Capped,15,15.19,-43.1,spherical,500,Gammaproteobacteria,Enterobacteriaceae,Klebsiella pneumoniae
Ag,Capped,15,15.19,-43.1,spherical,250,Gammaproteobacteria,Enterobacteriaceae,Escherichia coli
Ag,Capped,15,15.19,-43.1,spherical,250,Gammaproteobacteria,Moraxellaceae,Acinitobacter baumannii
Ag,Capped,15,15.19,-43.1,spherical,125,Gammaproteobacteria,Pseudomonadaceae,Pseudomonas aeruginosa
Ag,Capped,15,15.19,-43.1,spherical,125,Bacilli,Staphylococcaceae,Staphylococcus aureus 
Ag,Capped,15,15.19,-43.1,spherical,62,Bacilli,Staphylococcaceae,Staphylococcus haemolyticus
Ag,Capped,20,42.5,34.2,spherical ,125,Bacilli,Staphylococcaceae,Staphylococcus aureus 
Ag,Capped,20,42.5,34.2,spherical ,250,Bacilli,Staphylococcaceae,Staphylococcus epidermidis
Ag,Capped,20,42.5,34.2,spherical ,250,Gammaproteobacteria,Pseudomonadaceae,Pseudomonas aeruginosa
Ag,Capped,20,42.5,34.2,spherical ,250,Gammaproteobacteria,Enterobacteriaceae,Klebsiella pneumoniae
Ag,Capped,20,42.5,34.2,spherical ,250,Gammaproteobacteria,Moraxellaceae,Acinetobacter baumanni
Ag,Capped,10,17.5,39.77,spherical,2,Bacilli,Bacillaceae,Bacillus cereus
Ag,Capped,10,17.5,39.77,spherical,4,Bacilli,Bacillaceae,Bacillus subtilis
Ag,Capped,10,17.5,39.77,spherical,6.5,Bacilli,Staphylococcaceae,Staphylococcus aureus
Ag,Capped,10,17.5,39.77,spherical,5,Actinomycetia,Micrococcaceae,Micrococcus luteus
Ag,Capped,10,17.5,39.77,spherical,7.25,Gammaproteobacteria,Enterobacteriaceae,Enterobacter cloacae
Ag,Capped,10,17.5,39.77,spherical,6.5,Gammaproteobacteria,Yersiniaceae,Serratia marcescens
Ag,Capped,10,17.5,39.77,spherical,10,Gammaproteobacteria,Enterobacteriaceae,Shigella dysentery
Ag,Uncapped,15,27,-15.3,spherical,5.5,Bacilli,Bacillaceae,Bacillus cereus
Ag,Uncapped,15,27,-15.3,spherical,9.5,Bacilli,Bacillaceae,Bacillus subtilis
Ag,Uncapped,15,27,-15.3,spherical,54,Bacilli,Staphylococcaceae,Staphylococcus aureus
Ag,Uncapped,15,27,-15.3,spherical,27,Actinomycetia,Micrococcaceae,Micrococcus luteus
Ag,Uncapped,15,27,-15.3,spherical,13.5,Gammaproteobacteria,Enterobacteriaceae,Enterobacter cloacae
Ag,Uncapped,15,27,-15.3,spherical,54,Gammaproteobacteria,Yersiniaceae,Serratia marcescens
Ag,Uncapped,15,27,-15.3,spherical,13.5,Gammaproteobacteria,Enterobacteriaceae,Shigella dysentery
Ag,Capped,13.57,77.03,-27,spherical,13.5,Gammaproteobacteria,Moraxellaceae,Acinitobacter baumannii
Ag,Capped,13.57,77.03,-27,spherical,27,Gammaproteobacteria,Enterobacteriaceae,Klebsiella pneumoniae 
Ag,Capped,13.57,77.03,-27,spherical,13.5,Gammaproteobacteria,Pseudomonadaceae,Pseudomonas aeruginosa 
Ag,Capped,13.57,77.03,-27,spherical,13.5,Gammaproteobacteria,Enterobacteriaceae,Escherichia coli 
Ag,Capped,35.13,38,19.73,spherical,13.5,Bacilli,Staphylococcaceae,Streptococcus pneumoniae 
Ag,Capped,35.13,38,19.73,spherical,27,Bacilli, Enterococcaceae,Enterococcus faecium 
Ag,Capped,35.13,38,19.73,spherical,27,Bacilli,Staphylococcaceae,Staphylococcus aureus 
Ag,Capped,35.13,38,19.73,spherical,54,Gammaproteobacteria,Enterobacteriaceae,Escherichia coli 
Ag,Uncapped,11,20,37.7,spherical,54,Gammaproteobacteria,Pseudomonadaceae,Pseudomonas aeruginosa 
Ag,Uncapped,11,20,37.7,spherical,54,Bacilli,Staphylococcaceae,Staphylococcus aureus
Ag,Uncapped,100,120,63.2,spherical,27,Bacilli,Enterococcaceae,Enterococcus faecalis 
Ag,Uncapped,100,120,63.2,spherical,27,Gammaproteobacteria,Enterobacteriaceae,Salmonella typhimurium 
Ag,Uncapped,100,120,63.2,spherical,54,Bacilli,Listeriaceae,Listeria monocytogenes 
Ag,Uncapped,100,120,63.2,spherical,27,Gammaproteobacteria,Pseudomonadaceae,Pseudomonas aeruginosa 
CuO,Capped,10,25,-17,spherical,13.5,Gammaproteobacteria,Moraxellaceae,Acinitobacter baumannii 
CuO,Capped,10,25,-17,spherical,3.4,Gammaproteobacteria,Moraxellaceae,Acinitobacter baumannii 
CuO,Capped,10,25,-17,spherical,13.5,Gammaproteobacteria,Moraxellaceae,Acinitobacter baumannii 
CuO,Capped,10,25,-17,spherical,13.5,Gammaproteobacteria,Moraxellaceae,Acinitobacter baumannii 
CuO,Capped,10,25,-17,spherical,13.5,Gammaproteobacteria,Moraxellaceae,Acinitobacter baumannii 
CuO,Capped,10,25,-17,spherical,13.5,Gammaproteobacteria,Moraxellaceae,Acinitobacter baumannii 
CuO,Capped,10,25,-17,spherical,27,Gammaproteobacteria,Moraxellaceae,Acinitobacter baumannii 
CuO,Capped,10,25,-17,spherical,27,Gammaproteobacteria,Moraxellaceae,Acinitobacter baumannii 
CuO,Capped,10,25,-17,spherical,27,Gammaproteobacteria,Moraxellaceae,Acinitobacter baumannii 
CuO,Capped,10,25,-17,spherical,3.4,Gammaproteobacteria,Moraxellaceae,Acinitobacter baumannii 
CuO,Capped,10,25,-17,spherical,13.5,Gammaproteobacteria,Moraxellaceae,Acinitobacter baumannii 
CuO,Capped,10,25,-17,spherical,3.4,Gammaproteobacteria,Moraxellaceae,Acinitobacter baumannii 
CuO,Capped,10,25,-17,spherical,13.5,Gammaproteobacteria,Xanthomonadaceae,Stenotrophomonas maltophilia 
CuO,Capped,10,25,-17,spherical,3.4,Gammaproteobacteria,Xanthomonadaceae,Stenotrophomonas maltophilia 
CuO,Capped,10,25,-17,spherical,3.4,Gammaproteobacteria,Pseudomonadaceae,Pseudomonas aeruginosa 
CuO,Capped,10,25,-17,spherical,6.7,Gammaproteobacteria,Pseudomonadaceae,Pseudomonas aeruginosa 
CuO,Capped,10,25,-17,spherical,3.4,Gammaproteobacteria,Pseudomonadaceae,Pseudomonas aeruginosa 
CuO,Capped,10,25,-17,spherical,13.5,Gammaproteobacteria,Pseudomonadaceae,Pseudomonas aeruginosa 
CuO,Capped,10,25,-17,spherical,3.4,Gammaproteobacteria,Pseudomonadaceae,Pseudomonas aeruginosa 
CuO,Capped,40,157,-48.4,spherical,6.7,Gammaproteobacteria,Moraxellaceae,Acinitobacter baumannii 
CuO,Capped,40,157,-48.4,spherical,6.7,Gammaproteobacteria,Moraxellaceae,Acinitobacter baumannii 
CuO,Capped,40,157,-48.4,spherical,6.7,Gammaproteobacteria,Moraxellaceae,Acinitobacter baumannii 
CuO,Capped,40,157,-48.4,spherical,6.7,Gammaproteobacteria,Moraxellaceae,Acinitobacter baumannii 
CuO,Capped,40,157,-48.4,spherical,6.7,Gammaproteobacteria,Moraxellaceae,Acinitobacter baumannii 
CuO,Capped,40,157,-48.4,spherical,6.7,Gammaproteobacteria,Moraxellaceae,Acinitobacter baumannii 
CuO,Capped,40,157,-48.4,spherical,6.7,Gammaproteobacteria,Moraxellaceae,Acinitobacter baumannii 
CuO,Capped,40,157,-48.4,spherical,6.7,Gammaproteobacteria,Moraxellaceae,Acinitobacter baumannii 
CuO,Capped,40,157,-48.4,spherical,6.7,Gammaproteobacteria,Moraxellaceae,Acinitobacter baumannii 
CuO,Capped,40,157,-48.4,spherical,6.7,Gammaproteobacteria,Moraxellaceae,Acinitobacter baumannii 
CuO,Capped,40,157,-48.4,spherical,6.7,Gammaproteobacteria,Moraxellaceae,Acinitobacter baumannii 
CuO,Capped,40,157,-48.4,spherical,6.7,Gammaproteobacteria,Moraxellaceae,Acinitobacter baumannii 
CuO,Capped,40,157,-48.4,spherical,6.7,Gammaproteobacteria,Xanthomonadaceae,Stenotrophomonas maltophilia 
CuO,Capped,40,157,-48.4,spherical,6.7,Gammaproteobacteria,Xanthomonadaceae,Stenotrophomonas maltophilia 
CuO,Capped,40,157,-48.4,spherical,6.7,Gammaproteobacteria,Pseudomonadaceae,Pseudomonas aeruginosa 
CuO,Capped,40,157,-48.4,spherical,6.7,Gammaproteobacteria,Pseudomonadaceae,Pseudomonas aeruginosa 
CuO,Capped,40,157,-48.4,spherical,6.7,Gammaproteobacteria,Pseudomonadaceae,Pseudomonas aeruginosa 
CuO,Capped,40,157,-48.4,spherical,6.7,Gammaproteobacteria,Pseudomonadaceae,Pseudomonas aeruginosa 
CuO,Capped,40,157,-48.4,spherical,6.7,Gammaproteobacteria,Pseudomonadaceae,Pseudomonas aeruginosa 
CuO,Uncapped,10,36,41,spherical,39,Gammaproteobacteria,Moraxellaceae,Acinitobacter baumannii 
CuO,Uncapped,10,36,41,spherical,1.56,Gammaproteobacteria,Moraxellaceae,Acinitobacter baumannii 
CuO,Uncapped,10,36,41,spherical,78,Gammaproteobacteria,Moraxellaceae,Acinitobacter baumannii 
CuO,Uncapped,10,36,41,spherical,3.12,Gammaproteobacteria,Moraxellaceae,Acinitobacter baumannii 
CuO,Uncapped,10,36,41,spherical,50,Gammaproteobacteria,Moraxellaceae,Acinitobacter baumannii 
CuO,Uncapped,10,36,41,spherical,100,Gammaproteobacteria,Moraxellaceae,Acinitobacter baumannii 
CuO,Uncapped,10,36,41,spherical,50,Gammaproteobacteria,Moraxellaceae,Acinitobacter baumannii 
CuO,Uncapped,10,36,41,spherical,25,Gammaproteobacteria,Moraxellaceae,Acinitobacter baumannii 
CuO,Uncapped,10,36,41,spherical,50,Gammaproteobacteria,Moraxellaceae,Acinitobacter baumannii 
CuO,Uncapped,10,36,41,spherical,50,Gammaproteobacteria,Moraxellaceae,Acinitobacter baumannii 
CuO,Uncapped,10,36,41,spherical,32,Gammaproteobacteria,Moraxellaceae,Acinitobacter baumannii 
CuO,Uncapped,10,36,41,spherical,64,Gammaproteobacteria,Moraxellaceae,Acinitobacter baumannii 
CuO,Uncapped,10,36,41,spherical,64,Gammaproteobacteria,Xanthomonadaceae,Stenotrophomonas maltophilia 
CuO,Uncapped,10,36,41,spherical,32,Gammaproteobacteria,Xanthomonadaceae,Stenotrophomonas maltophilia 
CuO,Uncapped,10,36,41,spherical,32,Gammaproteobacteria,Pseudomonadaceae,Pseudomonas aeruginosa 
CuO,Uncapped,10,36,41,spherical,64,Gammaproteobacteria,Pseudomonadaceae,Pseudomonas aeruginosa 
CuO,Uncapped,10,36,41,spherical,32,Gammaproteobacteria,Pseudomonadaceae,Pseudomonas aeruginosa 
CuO,Uncapped,10,36,41,spherical,64,Gammaproteobacteria,Pseudomonadaceae,Pseudomonas aeruginosa 
CuO,Uncapped,10,36,41,spherical,128,Gammaproteobacteria,Pseudomonadaceae,Pseudomonas aeruginosa 
Au,Capped,40,66,-20,spherical,32,Gammaproteobacteria,Pseudomonadaceae,Pseudomonas aeruginosa
Au,Capped,40,66,-20,spherical,16,Gammaproteobacteria,Enterobacteriaceae,Escherichia coli 
Au,Capped,40,66,-24,spherical,32,Gammaproteobacteria,Pseudomonadaceae,Pseudomonas aeruginosa
Au,Capped,40,66,-24,spherical,64,Gammaproteobacteria,Enterobacteriaceae,Escherichia coli 
Au,Capped,15,78,-20.3,polydispersed,32,Bacilli,Staphylococcaceae,Staphylococcus aureus
Au,Capped,15,78,-20.3,polydispersed,32,Gammaproteobacteria,Enterobacteriaceae,Klebsiella pneumoniae
Au,Capped,15,78,-20.3,polydispersed,64,Gammaproteobacteria,Enterobacteriaceae,Salmonella abony
Au,Capped,15,78,-20.3,polydispersed,128,Gammaproteobacteria,Enterobacteriaceae,Escherichia coli 
Au,Capped,70,87,-13,polydispersed,128,Gammaproteobacteria,Enterobacteriaceae,Klebsiella pneumoniae 
Au,Capped,70,87,-13,polydispersed,128,Gammaproteobacteria,Enterobacteriaceae,Klebsiella pneumoniae  
Au,Capped,70,87,-13,polydispersed,64,Gammaproteobacteria,Enterobacteriaceae,Klebsiella pneumoniae 
Au,Capped,70,87,-13,polydispersed,128,Gammaproteobacteria,Enterobacteriaceae,Enterobacter cloacae 
Au,Capped,70,87,-13,polydispersed,128,Bacilli,Streptococcaceae,Streptococcus mutans 
Au,Capped,70,87,-13,polydispersed,128,Bacilli,Streptococcaceae,Streptococcus mutans 
Au,Capped,70,87,-13,polydispersed,128,Bacilli,Streptococcaceae,Streptococcus mutans
Au,Capped,70,87,-13,polydispersed,128,Gammaproteobacteria,Enterobacteriaceae,Escherichia coli 
Au,Capped,70,87,-13,polydispersed,64,Gammaproteobacteria,Enterobacteriaceae,Escherichia coli 
Au,Capped,70,87,-13,polydispersed,128,Gammaproteobacteria,Enterobacteriaceae,Escherichia coli 
Au,Capped,70,87,-13,polydispersed,128,Gammaproteobacteria,Enterobacteriaceae,Escherichia coli 
Au,Capped,70,87,-13,polydispersed,32,Gammaproteobacteria,Enterobacteriaceae,Klebsiella pneumoniae 
Au,Capped,70,87,-13,polydispersed,64,Gammaproteobacteria,Enterobacteriaceae,Klebsiella pneumoniae 
Au,Capped,70,87,-13,polydispersed,64,Gammaproteobacteria,Enterobacteriaceae,Klebsiella pneumoniae 
Au,Capped,70,87,-13,polydispersed,128,Gammaproteobacteria,Enterobacteriaceae,Klebsiella pneumoniae 
Au,Capped,70,87,-13,polydispersed,128,Gammaproteobacteria,Enterobacteriaceae,Klebsiella pneumoniae  
Au,Capped,70,87,-13,polydispersed,64,Gammaproteobacteria,Enterobacteriaceae,Klebsiella pneumoniae 
Au,Capped,70,87,-13,polydispersed,32,Gammaproteobacteria,Enterobacteriaceae,Enterobacter cloacae 
Au,Capped,70,87,-13,polydispersed,128,Gammaproteobacteria,Enterobacteriaceae,Enterobacter cloacae 
Au,Capped,70,87,-13,polydispersed,256,Bacilli,Streptococcaceae,Streptococcus mutans 
Au,Capped,70,87,-13,polydispersed,128,Bacilli,Streptococcaceae,Streptococcus mutans 
Au,Capped,70,87,-13,polydispersed,128,Bacilli,Streptococcaceae,Streptococcus mutans
Au,Capped,70,87,-13,polydispersed,64,Gammaproteobacteria,Enterobacteriaceae,Escherichia coli 
Au,Capped,70,87,-13,polydispersed,128,Gammaproteobacteria,Enterobacteriaceae,Escherichia coli 
Au,Capped,70,87,-13,polydispersed,64,Gammaproteobacteria,Enterobacteriaceae,Escherichia coli 
Au,Capped,70,87,-13,polydispersed,128,Gammaproteobacteria,Enterobacteriaceae,Escherichia coli 
Au,Capped,70,87,-13,polydispersed,128,Gammaproteobacteria,Enterobacteriaceae,Klebsiella pneumoniae 
Au,Capped,70,87,-13,polydispersed,128,Gammaproteobacteria,Enterobacteriaceae,Klebsiella pneumoniae 
Au,Capped,70,87,-13,polydispersed,32,Gammaproteobacteria,Enterobacteriaceae,Klebsiella pneumoniae 
Au,Capped,70,87,-13,polydispersed,64,Gammaproteobacteria,Enterobacteriaceae,Klebsiella pneumoniae 
Au,Capped,70,87,-13,polydispersed,64,Gammaproteobacteria,Enterobacteriaceae,Klebsiella pneumoniae  
Au,Capped,70,87,-13,polydispersed,64,Gammaproteobacteria,Enterobacteriaceae,Klebsiella pneumoniae 
Au,Capped,70,87,-13,polydispersed,32,Gammaproteobacteria,Enterobacteriaceae,Enterobacter cloacae 
Au,Capped,70,87,-13,polydispersed,128,Gammaproteobacteria,Enterobacteriaceae,Enterobacter cloacae 
Au,Capped,70,87,-13,polydispersed,128,Bacilli,Streptococcaceae,Streptococcus mutans 
Au,Capped,70,87,-13,polydispersed,64,Bacilli,Streptococcaceae,Streptococcus mutans 
Au,Capped,70,87,-13,polydispersed,64,Bacilli,Streptococcaceae,Streptococcus mutans
Au,Capped,70,87,-13,polydispersed,128,Gammaproteobacteria,Enterobacteriaceae,Escherichia coli 
Au,Capped,70,87,-13,polydispersed,32,Gammaproteobacteria,Enterobacteriaceae,Escherichia coli 
Au,Capped,70,87,-13,polydispersed,64,Gammaproteobacteria,Enterobacteriaceae,Escherichia coli 
Au,Capped,70,87,-13,polydispersed,64,Gammaproteobacteria,Enterobacteriaceae,Escherichia coli 
Au,Capped,70,87,-13,polydispersed,64,Gammaproteobacteria,Enterobacteriaceae,Klebsiella pneumoniae 
Au,Capped,70,87,-13,polydispersed,64,Gammaproteobacteria,Enterobacteriaceae,Klebsiella pneumoniae 
Au,Capped,70,87,-13,polydispersed,32,Gammaproteobacteria,Enterobacteriaceae,Klebsiella pneumoniae 
Au,Capped,70,87,-13,polydispersed,64,Gammaproteobacteria,Enterobacteriaceae,Klebsiella pneumoniae 
Au,Capped,70,87,-13,polydispersed,64,Gammaproteobacteria,Enterobacteriaceae,Klebsiella pneumoniae  
Au,Capped,70,87,-13,polydispersed,32,Gammaproteobacteria,Enterobacteriaceae,Klebsiella pneumoniae 
Au,Capped,70,87,-13,polydispersed,32,Gammaproteobacteria,Enterobacteriaceae,Enterobacter cloacae 
Au,Capped,70,87,-13,polydispersed,64,Gammaproteobacteria,Enterobacteriaceae,Enterobacter cloacae 
Au,Capped,70,87,-13,polydispersed,128,Bacilli,Streptococcaceae,Streptococcus mutans 
Au,Capped,70,87,-13,polydispersed,64,Bacilli,Streptococcaceae,Streptococcus mutans 
Au,Capped,70,87,-13,polydispersed,64,Bacilli,Streptococcaceae,Streptococcus mutans
Au,Capped,70,87,-13,polydispersed,64,Gammaproteobacteria,Enterobacteriaceae,Escherichia coli 
Au,Capped,70,87,-13,polydispersed,32,Gammaproteobacteria,Enterobacteriaceae,Escherichia coli 
Au,Capped,70,87,-13,polydispersed,64,Gammaproteobacteria,Enterobacteriaceae,Escherichia coli 
Au,Capped,70,87,-13,polydispersed,64,Gammaproteobacteria,Enterobacteriaceae,Escherichia coli 
Au,Capped,70,87,-13,polydispersed,32,Gammaproteobacteria,Enterobacteriaceae,Klebsiella pneumoniae 
Au,Capped,70,87,-13,polydispersed,64,Gammaproteobacteria,Enterobacteriaceae,Klebsiella pneumoniae 
Au,Capped,70,87,-13,polydispersed,32,Gammaproteobacteria,Enterobacteriaceae,Klebsiella pneumoniae 
Au,Capped,70,87,-13,polydispersed,128,Gammaproteobacteria,Enterobacteriaceae,Klebsiella pneumoniae 
Au,Capped,70,87,-13,polydispersed,64,Gammaproteobacteria,Enterobacteriaceae,Klebsiella pneumoniae  
Au,Capped,70,87,-13,polydispersed,32,Gammaproteobacteria,Enterobacteriaceae,Klebsiella pneumoniae 
Au,Capped,70,87,-13,polydispersed,32,Gammaproteobacteria,Enterobacteriaceae,Enterobacter cloacae 
Au,Capped,70,87,-13,polydispersed,128,Gammaproteobacteria,Enterobacteriaceae,Enterobacter cloacae 
Au,Capped,70,87,-13,polydispersed,64,Bacilli,Streptococcaceae,Streptococcus mutans 
Au,Capped,70,87,-13,polydispersed,64,Bacilli,Streptococcaceae,Streptococcus mutans 
Au,Capped,70,87,-13,polydispersed,64,Bacilli,Streptococcaceae,Streptococcus mutans
Au,Uncapped,23.5,109,-18.4,spherical,64,Gammaproteobacteria,Enterobacteriaceae,Escherichia coli 
Au,Uncapped,23.5,109,-18.4,spherical,32,Gammaproteobacteria,Enterobacteriaceae,Escherichia coli 
Au,Uncapped,11.5,32,23,spherical,64,Gammaproteobacteria,Moraxellaceae,Escherichia coli 
Au,Uncapped,35,47,12,spherical,64,Gammaproteobacteria,Pseudomonadaceae,Escherichia coli 
TiO2,Capped,30,69,-33,spherical,32,Campylobacteria,Campylobacteraceae,Klebsiella pneumoniae 
TiO2,Capped,30,69,-33,spherical,256,Campylobacteria,Campylobacteraceae,Klebsiella pneumoniae 
TiO2,Capped,30,69,-33,spherical,128,Campylobacteria,Campylobacteraceae,Klebsiella pneumoniae 
TiO2,Capped,30,69,-33,spherical,256,Campylobacteria,Campylobacteraceae,Klebsiella pneumoniae 
TiO2,Capped,30,69,-33,spherical,256,Campylobacteria,Campylobacteraceae,Klebsiella pneumoniae  
TiO2,Capped,30,69,-33,spherical,128,Campylobacteria,Campylobacteraceae,Klebsiella pneumoniae 
TiO2,Capped,30,69,-33,spherical,128,Campylobacteria,Campylobacteraceae,Campylobacter coli 
TiO2,Capped,30,69,-33,spherical,256,Campylobacteria,Campylobacteraceae,Campylobacter coli 
TiO2,Capped,30,69,-33,spherical,256,Campylobacteria,Campylobacteraceae,Campylobacter jejuni 
TiO2,Capped,30,69,-33,spherical,128,Campylobacteria,Campylobacteraceae,Campylobacter jejuni 
TiO2,Capped,30,69,-33,spherical,256,Campylobacteria,Campylobacteraceae,Campylobacter jejuni 
TiO2,Capped,30,69,-33,spherical,128,Campylobacteria,Campylobacteraceae,Campylobacter jejuni 
TiO2,Capped,30,69,-33,spherical,128,Campylobacteria,Campylobacteraceae,Campylobacter jejuni 
TiO2,Capped,30,69,-33,spherical,128,Campylobacteria,Campylobacteraceae,Campylobacter coli 
TiO2,Capped,30,69,-33,spherical,256,Campylobacteria,Campylobacteraceae,Campylobacter jejuni 
TiO2,Capped,30,69,-33,spherical,256,Campylobacteria,Campylobacteraceae,Campylobacter coli 
TiO2,Capped,30,69,-33,spherical,512,Campylobacteria,Campylobacteraceae,Campylobacter coli 
TiO2,Capped,30,69,-33,spherical,64,Campylobacteria,Campylobacteraceae,Campylobacter coli 
TiO2,Capped,30,69,-33,spherical,128,Campylobacteria,Campylobacteraceae,Campylobacter jejuni 
TiO2,Capped,30,69,-33,spherical,128,Campylobacteria,Campylobacteraceae,Campylobacter jejuni 
TiO2,Capped,30,69,-33,spherical,64,Campylobacteria,Campylobacteraceae,Campylobacter jejuni 
TiO2,Capped,30,69,-33,spherical,32,Campylobacteria,Campylobacteraceae,Campylobacter jejuni 
TiO2,Capped,30,69,-33,spherical,128,Campylobacteria,Campylobacteraceae,Campylobacter jejuni
TiO2,Capped,30,69,-33,spherical,128,Campylobacteria,Campylobacteraceae,Campylobacter jejuni 
TiO2,Capped,30,69,-33,spherical,128,Campylobacteria,Campylobacteraceae,Campylobacter coli
TiO2,Capped,30,69,-33,spherical,256,Campylobacteria,Campylobacteraceae,Campylobacter coli 
TiO2,Capped,30,69,-33,spherical,64,Campylobacteria,Campylobacteraceae,Campylobacter coli 
TiO2,Capped,30,69,-33,spherical,64,Campylobacteria,Campylobacteraceae,Campylobacter coli 
TiO2,Capped,30,69,-33,spherical,128,Campylobacteria,Campylobacteraceae,Campylobacter coli 
TiO2,Capped,30,69,-33,spherical,256,Campylobacteria,Campylobacteraceae,Campylobacter jejuni 
TiO2,Capped,30,69,-33,spherical,32,Campylobacteria,Campylobacteraceae,Campylobacter jejuni 
TiO2,Capped,30,69,-33,spherical,256,Campylobacteria,Campylobacteraceae,Campylobacter jejuni 
TiO2,Capped,30,69,-33,spherical,64,Campylobacteria,Campylobacteraceae,Campylobacter jejuni 
TiO2,Capped,30,69,-33,spherical,128,Campylobacteria,Campylobacteraceae,Campylobacter jejuni
TiO2,Capped,30,69,-33,spherical,128,Campylobacteria,Campylobacteraceae,Campylobacter jejuni 
TiO2,Capped,30,69,-33,spherical,64,Campylobacteria,Campylobacteraceae,Campylobacter coli
TiO2,Capped,30,69,-33,spherical,32,Campylobacteria,Campylobacteraceae,Campylobacter coli 
TiO2,Capped,30,69,-33,spherical,128,Campylobacteria,Campylobacteraceae,Campylobacter coli 
TiO2,Capped,30,69,-33,spherical,128,Campylobacteria,Campylobacteraceae,Campylobacter coli 
TiO2,Capped,30,69,-33,spherical,128,Campylobacteria,Campylobacteraceae,Campylobacter coli 
TiO2,Capped,54,110,-33,spherical,128,Gammaproteobacteria,Enterobacteriaceae,Escherichia coli 
TiO2,Capped,54,110,-33,spherical,64,Gammaproteobacteria,Enterobacteriaceae,Klebsiella pneumoniae 
TiO2,Capped,54,110,-33,spherical,128,Gammaproteobacteria,Pseudomonadaceae,Pseudomonas aeruginosa 
TiO2,Uncapped,21.7,42,-4,spherical,128,Gammaproteobacteria,Moraxellaceae,Acinetobacter baumannii
TiO2,Uncapped,25.6,56,-8,spherical,128,Gammaproteobacteria,Moraxellaceae,Acinetobacter baumannii
TiO2,Capped,16.8,34,10,spherical,128,Bacilli,Staphylococcaceae,Staphylococcus aureus
TiO2,Capped,16.8,34,10,spherical,128,Gammaproteobacteria,Pseudomonadaceae,Pseudomonas aeruginosa 
TiO2,Capped,16.8,34,10,spherical,64,Gammaproteobacteria,Enterobacteriaceae,Proteus vulgaris
TiO2,Capped,16.8,34,10,spherical,64,Bacilli,Streptococcaceae,Streptococcus pyogenes
TiO2,Capped,16.8,34,10,spherical,64,Gammaproteobacteria,Enterobacteriaceae,Klebsiella pneumoniae 
TiO2,Capped,16.8,34,10,spherical,64,Gammaproteobacteria,Enterobacteriaceae,Escherichia coli 
TiO2,Capped,16.8,34,10,spherical,32,Gammaproteobacteria,Enterobacteriaceae,Proteus mirabilis
TiO2,Capped,17.6,46,-20,spherical,128,Gammaproteobacteria,Enterobacteriaceae,Klebsiella pneumoniae
TiO2,Capped,17.6,46,-20,spherical,128,Gammaproteobacteria,Enterobacteriaceae,Klebsiella pneumoniae 
TiO2,Capped,17.6,46,-20,spherical,64,Gammaproteobacteria,Enterobacteriaceae,Klebsiella pneumoniae 
TiO2,Capped,17.6,46,-20,spherical,128,Gammaproteobacteria,Enterobacteriaceae,Klebsiella pneumoniae
TiO2,Capped,17.6,46,-20,spherical,64,Gammaproteobacteria,Enterobacteriaceae,Klebsiella pneumoniae 
TiO2,Capped,17.6,46,-20,spherical,64,Gammaproteobacteria,Enterobacteriaceae,Klebsiella pneumoniae 
TiO2,Capped,17.6,46,-20,spherical,64,Gammaproteobacteria,Enterobacteriaceae,Klebsiella pneumoniae
TiO2,Capped,17.6,46,-20,spherical,64,Gammaproteobacteria,Enterobacteriaceae,Klebsiella pneumoniae 
TiO2,Capped,17.6,46,-20,spherical,32,Gammaproteobacteria,Enterobacteriaceae,Klebsiella pneumoniae 
TiO2,Capped,17.6,46,-20,spherical,64,Gammaproteobacteria,Enterobacteriaceae,Klebsiella pneumoniae
TiO2,Capped,17.6,46,-20,spherical,50,Gammaproteobacteria,Enterobacteriaceae,Klebsiella pneumoniae 
TiO2,Capped,17.6,46,-20,spherical,50,Gammaproteobacteria,Enterobacteriaceae,Klebsiella pneumoniae 
TiO2,Capped,17.6,46,-20,spherical,0.72,Gammaproteobacteria,Enterobacteriaceae,Klebsiella pneumoniae
TiO2,Capped,17.6,46,-20,spherical,12.5,Gammaproteobacteria,Enterobacteriaceae,Klebsiella pneumoniae 
TiO2,Capped,17.6,46,-20,spherical,19.7,Gammaproteobacteria,Enterobacteriaceae,Klebsiella pneumoniae 
TiO2,Capped,17.6,46,-20,spherical,9.85,Gammaproteobacteria,Enterobacteriaceae,Klebsiella pneumoniae
TiO2,Capped,17.6,46,-20,spherical,9.85,Gammaproteobacteria,Enterobacteriaceae,Klebsiella pneumoniae 
TiO2,Capped,17.6,46,-20,spherical,9.85,Gammaproteobacteria,Enterobacteriaceae,Klebsiella pneumoniae 
TiO2,Capped,17.6,46,-20,spherical,39.4,Gammaproteobacteria,Enterobacteriaceae,Klebsiella pneumoniae
TiO2,Capped,17.6,46,-20,spherical,9.85,Gammaproteobacteria,Enterobacteriaceae,Klebsiella pneumoniae 
TiO2,Capped,17.6,46,-20,spherical,9.85,Gammaproteobacteria,Enterobacteriaceae,Klebsiella pneumoniae 
TiO2,Capped,17.6,46,-20,spherical,19.7,Gammaproteobacteria,Enterobacteriaceae,Klebsiella pneumoniae
TiO2,Capped,17.6,46,-20,spherical,19.7,Gammaproteobacteria,Enterobacteriaceae,Klebsiella pneumoniae 
TiO2,Capped,17.6,46,-20,spherical,19.7,Gammaproteobacteria,Enterobacteriaceae,Klebsiella pneumoniae 
TiO2,Capped,17.6,46,-20,spherical,39.4,Gammaproteobacteria,Enterobacteriaceae,Klebsiella pneumoniae
TiO2,Capped,17.6,46,-20,spherical,39.4,Gammaproteobacteria,Enterobacteriaceae,Klebsiella pneumoniae 
TiO2,Capped,17.6,46,-20,spherical,39.4,Gammaproteobacteria,Enterobacteriaceae,Klebsiella pneumoniae 
TiO2,Capped,17.6,46,-20,spherical,39.4,Gammaproteobacteria,Enterobacteriaceae,Klebsiella pneumoniae
TiO2,Capped,17.6,46,-20,spherical,39.4,Gammaproteobacteria,Enterobacteriaceae,Klebsiella pneumoniae 
TiO2,Capped,17.6,46,-20,spherical,19.7,Gammaproteobacteria,Enterobacteriaceae,Klebsiella pneumoniae 
TiO2,Capped,17.6,46,-20,spherical,39.4,Gammaproteobacteria,Enterobacteriaceae,Klebsiella pneumoniae
TiO2,Capped,17.6,46,-20,spherical,19.7,Gammaproteobacteria,Enterobacteriaceae,Klebsiella pneumoniae 
TiO2,Capped,17.6,46,-20,spherical,19.7,Gammaproteobacteria,Enterobacteriaceae,Klebsiella pneumoniae 
TiO2,Capped,17.6,46,-20,spherical,39.4,Gammaproteobacteria,Enterobacteriaceae,Klebsiella pneumoniae
TiO2,Capped,17.6,46,-20,spherical,19.7,Gammaproteobacteria,Enterobacteriaceae,Klebsiella pneumoniae 
TiO2,Capped,17.6,46,-20,spherical,39.4,Gammaproteobacteria,Enterobacteriaceae,Klebsiella pneumoniae 
TiO2,Capped,17.6,46,-20,spherical,39.4,Gammaproteobacteria,Enterobacteriaceae,Klebsiella pneumoniae 
TiO2,Capped,17.6,46,-20,spherical,19.7,Gammaproteobacteria,Enterobacteriaceae,Klebsiella pneumoniae
TiO2,Capped,17.6,46,-20,spherical,19.7,Gammaproteobacteria,Enterobacteriaceae,Klebsiella pneumoniae 
TiO2,Capped,17.6,46,-20,spherical,19.7,Gammaproteobacteria,Enterobacteriaceae,Klebsiella pneumoniae 
TiO2,Uncapped,25,36,0.19,spherical,19.7,Gammaproteobacteria,Enterobacteriaceae,Escherichia coli 
TiO2,Uncapped,25,36,0.19,spherical,19.7,Bacilli,Listeriaceae,Listeria monocytogenes
TiO2,Uncapped,25,36,0.19,spherical,19.7,Gammaproteobacteria,Enterobacteriaceae,Salmonella typhimurium
TiO2,Uncapped,25,36,0.19,spherical,19.7,Gammaproteobacteria,Pseudomonadaceae,Pseudomonas aeruginosa 
TiO2,Uncapped,25,36,0.19,spherical,39.4,Gammaproteobacteria,Enterobacteriaceae,Klebsiella pneumoniae 
TiO2,Uncapped,16,31,-15,triangular,19.7,Gammaproteobacteria,Enterobacteriaceae,Escherichia coli
TiO2,Uncapped,16,31,-15,triangular,19.7,Bacilli,Staphylococcaceae,Staphylococcus aureus
TiO2,Uncapped,20.5,66,-33,Spherical,39.4,Gammaproteobacteria,Pseudomonadaceae,Pseudomonas aeruginosa
TiO2,Uncapped,20.5,66,-33,Spherical,19.7,Gammaproteobacteria,Enterobacteriaceae,Escherichia coli
ZnO,Capped,36,43,-5,spherical,39.4,Gammaproteobacteria,Pseudomonadaceae,Pseudomonas aeruginosa 
ZnO,Capped,36,43,-5,spherical,39.4,Gammaproteobacteria,Pseudomonadaceae,Pseudomonas aeruginosa 
ZnO,Capped,36,43,-5,spherical,39.4,Gammaproteobacteria,Pseudomonadaceae,Pseudomonas aeruginosa 
ZnO,Capped,36,43,-5,spherical,39.4,Gammaproteobacteria,Pseudomonadaceae,Pseudomonas aeruginosa 
ZnO,Capped,36,43,-5,spherical,39.4,Gammaproteobacteria,Pseudomonadaceae,Pseudomonas aeruginosa 
ZnO,Capped,36,43,-5,spherical,8,Gammaproteobacteria,Pseudomonadaceae,Pseudomonas aeruginosa 
ZnO,Capped,36,43,-5,spherical,32,Gammaproteobacteria,Pseudomonadaceae,Pseudomonas aeruginosa 
ZnO,Capped,36,43,-5,spherical,9.3,Gammaproteobacteria,Pseudomonadaceae,Pseudomonas aeruginosa 
ZnO,Capped,36,43,-5,spherical,4.6,Gammaproteobacteria,Pseudomonadaceae,Pseudomonas aeruginosa 
ZnO,Capped,36,43,-5,spherical,18.75,Gammaproteobacteria,Pseudomonadaceae,Pseudomonas aeruginosa 
ZnO,Capped,36,43,-5,spherical,18.75,Gammaproteobacteria,Pseudomonadaceae,Pseudomonas aeruginosa 
ZnO,Capped,36,43,-5,spherical,25,Gammaproteobacteria,Pseudomonadaceae,Pseudomonas aeruginosa 
ZnO,Capped,36,43,-5,spherical,9.3,Gammaproteobacteria,Pseudomonadaceae,Pseudomonas aeruginosa 
ZnO,Capped,36,43,-5,spherical,37.5,Gammaproteobacteria,Pseudomonadaceae,Pseudomonas aeruginosa 
ZnO,Capped,36,43,-5,spherical,12.5,Gammaproteobacteria,Pseudomonadaceae,Pseudomonas aeruginosa 
ZnO,Capped,36,43,-5,spherical,50,Gammaproteobacteria,Pseudomonadaceae,Pseudomonas aeruginosa 
ZnO,Capped,36,43,-5,spherical,6.25,Gammaproteobacteria,Pseudomonadaceae,Pseudomonas aeruginosa 
ZnO,Capped,36,43,-5,spherical,50,Gammaproteobacteria,Pseudomonadaceae,Pseudomonas aeruginosa 
ZnO,Capped,36,43,-5,spherical,50,Gammaproteobacteria,Pseudomonadaceae,Pseudomonas aeruginosa 
ZnO,Capped,36,43,-5,spherical,8,Gammaproteobacteria,Pseudomonadaceae,Pseudomonas aeruginosa 
ZnO,Capped,17,34,-9,spherical,16,Gammaproteobacteria,Enterobacteriaceae,Escherichia coli 
ZnO,Capped,17,34,-9,spherical,16,Gammaproteobacteria,Enterobacteriaceae,Escherichia coli 
ZnO,Capped,17,34,-9,spherical,32,Gammaproteobacteria,Enterobacteriaceae,Escherichia coli 
ZnO,Capped,9.2,22,-9,spherical,32,Gammaproteobacteria,Enterobacteriaceae,Escherichia coli 
ZnO,Capped,9.2,22,-9,spherical,8,Gammaproteobacteria,Enterobacteriaceae,Escherichia coli 
ZnO,Capped,9.2,22,-9,spherical,16,Gammaproteobacteria,Enterobacteriaceae,Escherichia coli 
ZnO,Capped,20,34,12,spherical,32,Gammaproteobacteria,Pseudomonadaceae,Pseudomonas aeruginosa
ZnO,Capped,20,34,12,spherical,156,Gammaproteobacteria,Moraxellaceae,Acinitobacter baumannii
ZnO,Capped,59,77,-40,spherical,312,Gammaproteobacteria,Moraxellaceae,Acinitobacter baumannii 
ZnO,Capped,59,77,-40,spherical,11.25,Gammaproteobacteria,Moraxellaceae,Acinitobacter baumannii 
ZnO,Capped,59,77,-40,spherical,22.5,Gammaproteobacteria,Moraxellaceae,Acinitobacter baumannii 
ZnO,Capped,59,77,-40,spherical,22.5,Gammaproteobacteria,Moraxellaceae,Acinitobacter baumannii 
ZnO,Capped,45,65,-11,spherical,22.5,Gammaproteobacteria,Enterobacteriaceae,Klebsiella pneumoniae 
ZnO,Capped,45,65,-11,spherical,2.5,Gammaproteobacteria,Enterobacteriaceae,Escherichia coli 
ZnO,Capped,11,35,-25,spherical,2.5,Bacilli,Staphylococcaceae,Staphylococcus aureus 
ZnO,Capped,11,35,-25,spherical,5,Bacilli,Staphylococcaceae,Staphylococcus aureus 
ZnO,Capped,11,35,-25,spherical,5,Bacilli,Staphylococcaceae,Staphylococcus aureus
ZnO,Capped,11,35,-25,spherical,2.5,Bacilli,Staphylococcaceae,Staphylococcus aureus
ZnO,Capped,11,35,-25,spherical,2.5,Bacilli,Staphylococcaceae,Staphylococcus aureus 
ZnO,Capped,11,35,-25,spherical,2.5,Bacilli,Staphylococcaceae,Staphylococcus aureus 
ZnO,Capped,11,35,-25,spherical,5,Bacilli,Staphylococcaceae,Staphylococcus aureus 
ZnO,Capped,11,35,-25,spherical,2.5,Bacilli,Staphylococcaceae,Staphylococcus aureus
ZnO,Capped,11,35,-25,spherical,2.5,Bacilli,Staphylococcaceae,Staphylococcus aureus
ZnO,Capped,11,35,-25,spherical,2.5,Bacilli,Staphylococcaceae,Staphylococcus aureus 
ZnO,Capped,11,35,-25,spherical,5,Bacilli,Staphylococcaceae,Staphylococcus aureus 
ZnO,Capped,11,35,-25,spherical,5,Bacilli,Staphylococcaceae,Staphylococcus aureus 
ZnO,Capped,11,35,-25,spherical,2.5,Bacilli,Staphylococcaceae,Staphylococcus aureus
ZnO,Capped,11,35,-25,spherical,2.5,Bacilli,Staphylococcaceae,Staphylococcus aureus
ZnO,Capped,11,35,-25,spherical,5,Bacilli,Staphylococcaceae,Staphylococcus aureus 
ZnO,Capped,11,35,-25,spherical,2.5,Bacilli,Staphylococcaceae,Staphylococcus aureus 
ZnO,Capped,11,35,-25,spherical,5,Bacilli,Staphylococcaceae,Staphylococcus aureus 
ZnO,Capped,11,35,-25,spherical,2.5,Bacilli,Staphylococcaceae,Staphylococcus aureus
ZnO,Capped,11,35,-25,spherical,5,Bacilli,Staphylococcaceae,Staphylococcus aureus
ZnO,Capped,11,35,-25,spherical,5,Bacilli,Staphylococcaceae,Staphylococcus aureus 
ZnO,Capped,11,35,-25,spherical,2.5,Bacilli,Staphylococcaceae,Staphylococcus aureus 
ZnO,Capped,11,35,-25,spherical,2.5,Bacilli,Staphylococcaceae,Staphylococcus aureus 
ZnO,Capped,11,35,-25,spherical,2.5,Bacilli,Staphylococcaceae,Staphylococcus aureus
ZnO,Capped,11,35,-25,spherical,5,Bacilli,Staphylococcaceae,Staphylococcus aureus
ZnO,Capped,11,35,-25,spherical,2.5,Bacilli,Staphylococcaceae,Staphylococcus aureus 
ZnO,Capped,11,35,-25,spherical,2.5,Bacilli,Staphylococcaceae,Staphylococcus aureus 
ZnO,Capped,11,35,-25,spherical,2.5,Bacilli,Staphylococcaceae,Staphylococcus aureus 
ZnO,Capped,11,35,-25,spherical,2.5,Bacilli,Staphylococcaceae,Staphylococcus aureus
ZnO,Capped,11,35,-25,spherical,2.5,Bacilli,Staphylococcaceae,Staphylococcus aureus
ZnO,Capped,11,35,-25,spherical,1.25,Bacilli,Staphylococcaceae,Staphylococcus aureus 
ZnO,Capped,11,35,-25,spherical,5,Bacilli,Streptococcaceae,Streptococcus pneumoniae
ZnO,Capped,11,35,-25,spherical,5,Bacilli,Streptococcaceae,Streptococcus pneumoniae
ZnO,Capped,11,35,-25,spherical,2.5,Bacilli,Streptococcaceae,Streptococcus pneumoniae
ZnO,Capped,11,35,-25,spherical,2.5,Bacilli,Streptococcaceae,Streptococcus pneumoniae 
ZnO,Capped,11,35,-25,spherical,1.25,Bacilli,Streptococcaceae,Streptococcus pneumoniae
ZnO,Capped,11,35,-25,spherical,5,Bacilli,Streptococcaceae,Streptococcus pneumoniae
ZnO,Capped,11,35,-25,spherical,1.25,Bacilli,Streptococcaceae,Streptococcus pneumoniae
ZnO,Capped,11,35,-25,spherical,2.5,Bacilli,Streptococcaceae,Streptococcus pneumoniae 
ZnO,Capped,11,35,-25,spherical,1.25,Bacilli,Streptococcaceae,Streptococcus pneumoniae 
ZnO,Capped,11,35,-25,spherical,2.5,Bacilli,Listeriaceae,Listeria monocytogenes 
ZnO,Capped,11,35,-25,spherical,2.5,Bacilli,Listeriaceae,Listeria monocytogenes 
ZnO,Capped,11,35,-25,spherical,5,Bacilli,Listeriaceae,Listeria monocytogenes 
ZnO,Capped,11,35,-25,spherical,1.25,Gammaproteobacteria,Listeriaceae,Listeria monocytogenes 
ZnO,Capped,11,35,-25,spherical,2.5,Gammaproteobacteria,Pseudomonadaceae,Pseudomonas aeruginosa 
ZnO,Capped,11,35,-25,spherical,2.5,Gammaproteobacteria,Pseudomonadaceae,Pseudomonas aeruginosa 
ZnO,Capped,11,35,-25,spherical,5,Gammaproteobacteria,Pseudomonadaceae,Pseudomonas aeruginosa 
ZnO,Capped,11,35,-25,spherical,1.25,Gammaproteobacteria,Pseudomonadaceae,Pseudomonas aeruginosa 
ZnO,Capped,11,35,-25,spherical,1.25,Gammaproteobacteria,Pseudomonadaceae,Pseudomonas aeruginosa 
ZnO,Capped,11,35,-25,spherical,2.5,Gammaproteobacteria,Pseudomonadaceae,Pseudomonas aeruginosa 
ZnO,Capped,11,35,-25,spherical,2.5,Gammaproteobacteria,Pseudomonadaceae,Pseudomonas aeruginosa 
ZnO,Capped,11,35,-25,spherical,1.25,Gammaproteobacteria,Pseudomonadaceae,Pseudomonas aeruginosa 
ZnO,Capped,11,35,-25,spherical,1.25,Gammaproteobacteria,Pseudomonadaceae,Pseudomonas aeruginosa 
ZnO,Capped,11,35,-25,spherical,1.25,Gammaproteobacteria,Pseudomonadaceae,Pseudomonas aeruginosa 
ZnO,Capped,11,35,-25,spherical,1.25,Gammaproteobacteria,Pseudomonadaceae,Pseudomonas aeruginosa 
ZnO,Capped,11,35,-25,spherical,1.25,Gammaproteobacteria,Pseudomonadaceae,Pseudomonas aeruginosa 
ZnO,Capped,11,35,-25,spherical,2.5,Gammaproteobacteria,Pseudomonadaceae,Pseudomonas aeruginosa 
ZnO,Capped,11,35,-25,spherical,2.5,Gammaproteobacteria,Enterobacteriaceae,Klebsiella pneumoniae 
ZnO,Capped,11,35,-25,spherical,5,Gammaproteobacteria,Enterobacteriaceae,Klebsiella pneumoniae
ZnO,Capped,11,35,-25,spherical,2.5,Gammaproteobacteria,Enterobacteriaceae,Klebsiella pneumoniae 
ZnO,Capped,11,35,-25,spherical,10,Gammaproteobacteria,Enterobacteriaceae,Klebsiella pneumoniae 
ZnO,Capped,11,35,-25,spherical,1.25,Gammaproteobacteria,Enterobacteriaceae,Klebsiella pneumoniae
ZnO,Capped,11,35,-25,spherical,20,Bacilli,Enterobacteriaceae,Klebsiella pneumoniae 
ZnO,Capped,11,35,-25,spherical,10,Bacilli,Staphylococcaceae,Staphylococcus aureus 
ZnO,Capped,11,35,-25,spherical,2.5,Bacilli,Staphylococcaceae,Staphylococcus aureus 
ZnO,Capped,11,35,-25,spherical,2.5,Bacilli,Staphylococcaceae,Staphylococcus aureus 
ZnO,Capped,11,35,-25,spherical,20,Bacilli,Staphylococcaceae,Staphylococcus aureus 
ZnO,Capped,11,35,-25,spherical,5,Bacilli,Staphylococcaceae,Staphylococcus aureus 
ZnO,Capped,11,35,-25,spherical,20,Bacilli,Staphylococcaceae,Staphylococcus aureus 
ZnO,Capped,11,35,-25,spherical,20,Bacilli,Staphylococcaceae,Staphylococcus aureus 
ZnO,Capped,11,35,-25,spherical,2.5,Bacilli,Staphylococcaceae,Staphylococcus aureus 
ZnO,Capped,11,35,-25,spherical,20,Bacilli,Staphylococcaceae,Staphylococcus aureus 
ZnO,Capped,11,35,-25,spherical,2.5,Bacilli,Staphylococcaceae,Staphylococcus aureus 
ZnO,Capped,11,35,-25,spherical,10,Bacilli,Staphylococcaceae,Staphylococcus aureus 
ZnO,Capped,11,35,-25,spherical,10,Bacilli,Staphylococcaceae,Staphylococcus aureus 
ZnO,Capped,11,35,-25,spherical,10,Bacilli,Staphylococcaceae,Staphylococcus aureus 
ZnO,Capped,11,35,-25,spherical,10,Bacilli,Staphylococcaceae,Staphylococcus aureus 
ZnO,Capped,11,35,-25,spherical,101,Bacilli,Staphylococcaceae,Staphylococcus aureus 
ZnO,Capped,11,35,-25,spherical,10,Bacilli,Staphylococcaceae,Staphylococcus aureus 
ZnO,Capped,11,35,-25,spherical,10,Bacilli,Staphylococcaceae,Staphylococcus aureus 
ZnO,Capped,11,35,-25,spherical,10,Bacilli,Staphylococcaceae,Staphylococcus aureus 
ZnO,Capped,11,35,-25,spherical,5,Bacilli,Staphylococcaceae,Staphylococcus aureus 
ZnO,Capped,11,35,-25,spherical,5,Bacilli,Staphylococcaceae,Staphylococcus aureus 
ZnO,Capped,11,35,-25,spherical,1.25,Bacilli,Staphylococcaceae,Staphylococcus aureus 
ZnO,Capped,11,35,-25,spherical,2.5,Bacilli,Staphylococcaceae,Staphylococcus aureus 
ZnO,Capped,11,35,-25,spherical,2.5,Bacilli,Staphylococcaceae,Staphylococcus aureus 
ZnO,Capped,11,35,-25,spherical,1.25,Bacilli,Staphylococcaceae,Staphylococcus aureus 
ZnO,Capped,11,35,-25,spherical,1.25,Bacilli,Staphylococcaceae,Staphylococcus aureus 
ZnO,Capped,11,35,-25,spherical,10,Bacilli,Staphylococcaceae,Staphylococcus aureus 
ZnO,Capped,11,35,-25,spherical,5,Bacilli,Streptococcaceae,Streptococcus pneumoniae 
ZnO,Capped,11,35,-25,spherical,2.5,Bacilli,Streptococcaceae,Streptococcus pneumoniae
ZnO,Capped,11,35,-25,spherical,10,Bacilli,Streptococcaceae,Streptococcus pneumoniae
ZnO,Capped,11,35,-25,spherical,2.5,Bacilli,Streptococcaceae,Streptococcus pneumoniae 
ZnO,Capped,11,35,-25,spherical,5,Bacilli,Streptococcaceae,Streptococcus pneumoniae 
ZnO,Capped,11,35,-25,spherical,2.5,Bacilli,Streptococcaceae,Streptococcus pneumoniae
ZnO,Capped,11,35,-25,spherical,1.25,Bacilli,Streptococcaceae,Streptococcus pneumoniae
ZnO,Capped,11,35,-25,spherical,1.25,Bacilli,Streptococcaceae,Streptococcus pneumoniae 
ZnO,Capped,11,35,-25,spherical,2.5,Bacilli,Streptococcaceae,Streptococcus pneumoniae 
ZnO,Capped,11,35,-25,spherical,1.25,Bacilli,Streptococcaceae,Streptococcus pneumoniae 
ZnO,Capped,11,35,-25,spherical,1.25,Bacilli,Streptococcaceae,Streptococcus pneumoniae 
ZnO,Capped,11,35,-25,spherical,2.5,Bacilli,Streptococcaceae,Streptococcus pneumoniae 
ZnO,Capped,11,35,-25,spherical,10,Gammaproteobacteria,Pseudomonadaceae,Pseudomonas aeruginosa 
ZnO,Capped,11,35,-25,spherical,1.25,Gammaproteobacteria,Pseudomonadaceae,Pseudomonas aeruginosa 
ZnO,Capped,11,35,-25,spherical,10,Gammaproteobacteria,Pseudomonadaceae,Pseudomonas aeruginosa 
ZnO,Capped,11,35,-25,spherical,2.5,Gammaproteobacteria,Pseudomonadaceae,Pseudomonas aeruginosa 
ZnO,Capped,11,35,-25,spherical,10,Gammaproteobacteria,Pseudomonadaceae,Pseudomonas aeruginosa 
ZnO,Capped,11,35,-25,spherical,5,Gammaproteobacteria,Pseudomonadaceae,Pseudomonas aeruginosa 
ZnO,Capped,11,35,-25,spherical,2.5,Gammaproteobacteria,Pseudomonadaceae,Pseudomonas aeruginosa 
ZnO,Capped,11,35,-25,spherical,2.5,Gammaproteobacteria,Pseudomonadaceae,Pseudomonas aeruginosa 
ZnO,Capped,11,35,-25,spherical,1.25,Gammaproteobacteria,Pseudomonadaceae,Pseudomonas aeruginosa 
ZnO,Capped,11,35,-25,spherical,5,Gammaproteobacteria,Pseudomonadaceae,Pseudomonas aeruginosa 
ZnO,Capped,11,35,-25,spherical,2.5,Gammaproteobacteria,Pseudomonadaceae,Pseudomonas aeruginosa 
ZnO,Capped,11,35,-25,spherical,60,Gammaproteobacteria,Pseudomonadaceae,Pseudomonas aeruginosa 
IO,Capped,50,65,-32,spherical,60,Gammaproteobacteria,Enterobacteriaceae,Escherichia coli 
IO,Capped,50,65,-32,spherical,60,Gammaproteobacteria,Pseudomonadaceae,Pseudomonas aeruginosa 
IO,Capped,21,63,11,spherical,80,Gammaproteobacteria,Enterobacteriaceae,Escherichia coli 
IO,Capped,21,63,11,spherical,80,Bacilli,Staphylococcaceae,Staphylococcus aureus 
IO,Capped,21,63,11,spherical,60,Gammaproteobacteria,Pseudomonadaceae,Pseudomonas aeruginosa 
IO,Capped,21,63,11,spherical,60,Gammaproteobacteria,Moraxellaceae,Acinitobacter baumannii
IO,Capped,21,63,11,spherical,80,Gammaproteobacteria,Enterobacteriaceae,Klebsiella pneumoniae 
IO,Uncapped,79,87,23,spherical,80,Gammaproteobacteria,Enterobacteriaceae,Escherichia coli 
IO,Uncapped,79,87,23,spherical,80,Bacilli,Staphylococcaceae,Staphylococcus aureus 
IO,Uncapped,79,87,23,spherical,80,Gammaproteobacteria,Pseudomonadaceae,Pseudomonas aeruginosa 
IO,Uncapped,79,87,23,spherical,60,Gammaproteobacteria,Moraxellaceae,Acinitobacter baumannii
IO,Uncapped,79,87,23,spherical,20,Gammaproteobacteria,Enterobacteriaceae,Klebsiella pneumoniae 
