NPs,Capping,Core_size,DLS_size,Zeta_potential,Shape,MIC,Class,Family,Species
Ag,Capped,6.8,24.77,37.3,spherical,0.002,Gammaproteobacteria,Enterobacteriaceae,Salmonella paratyphi
Ag,Capped,6.8,24.77,37.3,spherical,0.313,Gammaproteobacteria,Enterobacteriaceae,Salmonella ferruch 
Ag,Capped,6.8,24.77,37.3,spherical,0.005,Gammaproteobacteria,Enterobacteriaceae,Salmonella Durham 
Ag,Capped,6.8,24.77,37.3,spherical,0.1,Gammaproteobacteria,Enterobacteriaceae,Salmonella Durham 
Ag,Capped,6.8,24.77,37.3,spherical,0.313,Gammaproteobacteria,Enterobacteriaceae,Salmonella Mississippi 
Ag,Capped,6.8,24.77,37.3,spherical,0.002,Gammaproteobacteria,Enterobacteriaceae,Salmonella Mississippi 
Ag,Capped,6.8,24.77,37.3,spherical,0.002,Gammaproteobacteria,Enterobacteriaceae,Salmonella Mississippi 
Ag,Capped,6.8,24.77,37.3,spherical,0.01,Gammaproteobacteria,Enterobacteriaceae,Salmonella Mississippi 
Ag,Capped,6.8,24.77,37.3,spherical,0.005,Gammaproteobacteria,Enterobacteriaceae,Salmonella Mississippi 
Ag,Capped,6.8,24.77,37.3,spherical,0.01,Gammaproteobacteria,Enterobacteriaceae,Salmonella Mississippi 
Ag,Capped,6.8,24.77,37.3,spherical,0.02,Gammaproteobacteria,Enterobacteriaceae,Salmonella Mississippi 
Ag,Capped,6.8,24.77,37.3,spherical,0.313,Gammaproteobacteria,Enterobacteriaceae,Salmonella Mississippi 
Ag,Capped,6.8,24.77,37.3,spherical,0.78,Gammaproteobacteria,Enterobacteriaceae,Salmonella Mississippi 
Ag,Capped,6.8,24.77,37.3,spherical,0.005,Gammaproteobacteria,Enterobacteriaceae,Salmonella Stanleyville
Ag,Capped,6.8,24.77,37.3,spherical,0.002,Gammaproteobacteria,Enterobacteriaceae,Salmonella Mississippi 
Ag,Capped,6.8,24.77,37.3,spherical,0.078,Gammaproteobacteria,Enterobacteriaceae,Salmonella Kottbus
Ag,Capped,6.8,24.77,37.3,spherical,0.002,Gammaproteobacteria,Enterobacteriaceae,Salmonella Bonariensis
Ag,Capped,6.8,24.77,37.3,spherical,0.002,Gammaproteobacteria,Enterobacteriaceae,Salmonella Allerton
Ag,Capped,6.8,24.77,37.3,spherical,0.02,Gammaproteobacteria,Enterobacteriaceae,Salmonella Enteritidis 
Ag,Capped,6.8,24.77,37.3,spherical,0.085,Gammaproteobacteria,Enterobacteriaceae,Salmonella Enteritidis 
Ag,Capped,8,24,20.1,spherical,14,Gammaproteobacteria,Enterobacteriaceae,Klebsiella pneumoniae
Ag,Capped,8,24,20.1,spherical,9,Bacilli,Staphylococcaceae,Staphylococcus epidermidis
Ag,Capped,8,24,20.1,spherical,17,Gammaproteobacteria,Moraxellaceae,Acinetobacter baumanni
Ag,Capped,8,24,20.1,spherical,13,Gammaproteobacteria,Xanthomonadaceae,Stenotrophomonas maltophilia
Ag,Capped,22.8,91.2,34.7,Spherical,800,Bacilli,Staphylococcaceae,Staphylococcus aureus
Ag,Capped,22.8,91.2,34.7,spherical,800,Bacilli,Streptococcaceae,Streptococcus mutans
Ag,Capped,22.8,91.2,34.7,spherical,1100,Gammaproteobacteria,Enterobacteriaceae,Escherichia coli
Ag,Capped,22.8,91.2,34.7,Spherical,1100,Gammaproteobacteria,Enterobacteriaceae,Klebsiella pneumoniae
Ag,Capped,19.4,110.4,15.5,spherical,40,Gammaproteobacteria,Pseudomonadaceae,Pseudomonas aeruginosa 
Ag,Capped,19.4,110.4,15.5,spherical,37,Gammaproteobacteria,Enterobacteriaceae,Escherichia coli 
Ag,Capped,19.4,110.4,15.5,spherical,38,Bacilli,Staphylococcaceae,Staphylococcus epidermidis 
Ag,Capped,19.4,110.4,15.5,spherical,40,Bacilli,Staphylococcaceae,Staphylococcus aureus
Ag,Capped,19.4,110.4,15.5,spherical,42,Bacilli,Enterococcaceae,Enterococcus faecalis
Ag,Capped,19.4,110.4,15.5,spherical,40,Gammaproteobacteria,Enterobacteriaceae,Klebsiella pneumoniae
Ag,Capped,35,44,26.3,spherical,6.25,Gammaproteobacteria,Enterobacteriaceae,Escherichia coli
Ag,Capped,35,44,26.3,spherical,3.12,Gammaproteobacteria,Enterobacteriaceae,Klebsiella pneumoniae
Ag,Capped,35,44,26.3,spherical,3.12,Gammaproteobacteria,Pseudomonadaceae,Pseudomonas aeruginosa 
Ag,Capped,35,44,26.3,spherical,12.5,Bacilli,Staphylococcaceae,Staphylococcus aureus
Ag,Capped,12,32.16,7.2,spherical,50,Gammaproteobacteria,Enterobacteriaceae,Escherichia coli
Ag,Capped,12,32.16,7.2,spherical,12.5,Bacilli,Enterococcaceae,Enterococcus faecalis
Ag,Capped,12,32.16,7.2,spherical,25,Gammaproteobacteria,Enterobacteriaceae,Klebsiella pneumonia
Ag,Capped,12,32.16,7.2,spherical,25,Bacilli,Staphylococcaceae,Staphylococcus aureus 
Ag,Capped,15,15.19,-43.1,spherical,4,Gammaproteobacteria,Enterobacteriaceae,Klebsiella pneumoniae
Ag,Capped,15,15.19,-43.1,spherical,8,Gammaproteobacteria,Enterobacteriaceae,Escherichia coli
Ag,Capped,15,15.19,-43.1,spherical,4,Gammaproteobacteria,Moraxellaceae,Acinitobacter baumannii
Ag,Capped,15,15.19,-43.1,spherical,4,Gammaproteobacteria,Pseudomonadaceae,Pseudomonas aeruginosa
Ag,Capped,15,15.19,-43.1,spherical,4,Bacilli,Staphylococcaceae,Staphylococcus aureus 
Ag,Capped,15,15.19,-43.1,spherical,4,Bacilli,Staphylococcaceae,Staphylococcus haemolyticus
Ag,Capped,20,42.5,34.2,spherical ,10,Bacilli,Staphylococcaceae,Staphylococcus aureus 
Ag,Capped,20,42.5,34.2,spherical ,10,Bacilli,Staphylococcaceae,Staphylococcus epidermidis
Ag,Capped,20,42.5,34.2,spherical ,10,Gammaproteobacteria,Pseudomonadaceae,Pseudomonas aeruginosa
Ag,Capped,20,42.5,34.2,spherical ,10,Gammaproteobacteria,Enterobacteriaceae,Klebsiella pneumoniae
Ag,Capped,20,42.5,34.2,spherical ,5,Gammaproteobacteria,Moraxellaceae,Acinetobacter baumanni
Ag,Capped,10,17.5,39.77,spherical,56,Bacilli,Bacillaceae,Bacillus cereus
Ag,Capped,10,17.5,39.77,spherical,55,Bacilli,Bacillaceae,Bacillus subtilis
Ag,Capped,10,17.5,39.77,spherical,57,Bacilli,Staphylococcaceae,Staphylococcus aureus
Ag,Capped,10,17.5,39.77,spherical,58,Actinomycetia,Micrococcaceae,Micrococcus luteus
Ag,Capped,10,17.5,39.77,spherical,43,Gammaproteobacteria,Enterobacteriaceae,Enterobacter cloacae
Ag,Capped,10,17.5,39.77,spherical,46,Gammaproteobacteria,Yersiniaceae,Serratia marcescens
Ag,Capped,10,17.5,39.77,spherical,45,Gammaproteobacteria,Enterobacteriaceae,Shigella dysentery
Ag,Uncapped,15,27,-15.3,spherical,60,Bacilli,Bacillaceae,Bacillus cereus
Ag,Uncapped,15,27,-15.3,spherical,58,Bacilli,Bacillaceae,Bacillus subtilis
Ag,Uncapped,15,27,-15.3,spherical,59,Bacilli,Staphylococcaceae,Staphylococcus aureus
Ag,Uncapped,15,27,-15.3,spherical,60,Actinomycetia,Micrococcaceae,Micrococcus luteus
Ag,Uncapped,15,27,-15.3,spherical,49,Gammaproteobacteria,Enterobacteriaceae,Enterobacter cloacae
Ag,Uncapped,15,27,-15.3,spherical,50,Gammaproteobacteria,Yersiniaceae,Serratia marcescens
Ag,Uncapped,15,27,-15.3,spherical,48,Gammaproteobacteria,Enterobacteriaceae,Shigella dysentery
Ag,Capped,13.57,77.03,-27,spherical,6.8,Gammaproteobacteria,Moraxellaceae,Acinitobacter baumannii
Ag,Capped,13.57,77.03,-27,spherical,27,Gammaproteobacteria,Enterobacteriaceae,Klebsiella pneumoniae 
Ag,Capped,13.57,77.03,-27,spherical,13,Gammaproteobacteria,Pseudomonadaceae,Pseudomonas aeruginosa 
Ag,Capped,13.57,77.03,-27,spherical,27,Gammaproteobacteria,Enterobacteriaceae,Escherichia coli 
Ag,Capped,35.13,38,19.73,spherical,5.25,Bacilli,Staphylococcaceae,Streptococcus pneumoniae 
Ag,Capped,35.13,38,19.73,spherical,2,Bacilli, Enterococcaceae,Enterococcus faecium 
Ag,Capped,35.13,38,19.73,spherical,6,Bacilli,Staphylococcaceae,Staphylococcus aureus 
Ag,Capped,35.13,38,19.73,spherical,3.75,Gammaproteobacteria,Enterobacteriaceae,Escherichia coli 
Ag,Uncapped,11,20,37.7,spherical,1,Gammaproteobacteria,Pseudomonadaceae,Pseudomonas aeruginosa 
Ag,Uncapped,11,20,37.7,spherical,2,Bacilli,Staphylococcaceae,Staphylococcus aureus
Ag,Uncapped,100,120,63.2,spherical,1.56,Bacilli,Enterococcaceae,Enterococcus faecalis 
Ag,Uncapped,100,120,63.2,spherical,3.12,Gammaproteobacteria,Enterobacteriaceae,Salmonella typhimurium 
Ag,Uncapped,100,120,63.2,spherical,7.8,Bacilli,Listeriaceae,Listeria monocytogenes 
Ag,Uncapped,100,120,63.2,spherical,12.5,Gammaproteobacteria,Pseudomonadaceae,Pseudomonas aeruginosa 
CuO,Capped,10,25,-17,spherical,54,Gammaproteobacteria,Moraxellaceae,Acinitobacter baumannii 
CuO,Capped,10,25,-17,spherical,27,Gammaproteobacteria,Moraxellaceae,Acinitobacter baumannii 
CuO,Capped,10,25,-17,spherical,13.5,Gammaproteobacteria,Moraxellaceae,Acinitobacter baumannii 
CuO,Capped,10,25,-17,spherical,54,Gammaproteobacteria,Moraxellaceae,Acinitobacter baumannii 
CuO,Capped,10,25,-17,spherical,13.5,Gammaproteobacteria,Moraxellaceae,Acinitobacter baumannii 
CuO,Capped,10,25,-17,spherical,13.5,Gammaproteobacteria,Moraxellaceae,Acinitobacter baumannii 
CuO,Capped,10,25,-17,spherical,13.5,Gammaproteobacteria,Moraxellaceae,Acinitobacter baumannii 
CuO,Capped,10,25,-17,spherical,13.5,Gammaproteobacteria,Moraxellaceae,Acinitobacter baumannii 
CuO,Capped,10,25,-17,spherical,13.5,Gammaproteobacteria,Moraxellaceae,Acinitobacter baumannii 
CuO,Capped,10,25,-17,spherical,13.5,Gammaproteobacteria,Moraxellaceae,Acinitobacter baumannii 
CuO,Capped,10,25,-17,spherical,13.5,Gammaproteobacteria,Moraxellaceae,Acinitobacter baumannii 
CuO,Capped,10,25,-17,spherical,27,Gammaproteobacteria,Moraxellaceae,Acinitobacter baumannii 
CuO,Capped,10,25,-17,spherical,54,Gammaproteobacteria,Xanthomonadaceae,Stenotrophomonas maltophilia 
CuO,Capped,10,25,-17,spherical,54,Gammaproteobacteria,Xanthomonadaceae,Stenotrophomonas maltophilia 
CuO,Capped,10,25,-17,spherical,27,Gammaproteobacteria,Pseudomonadaceae,Pseudomonas aeruginosa 
CuO,Capped,10,25,-17,spherical,13.5,Gammaproteobacteria,Pseudomonadaceae,Pseudomonas aeruginosa 
CuO,Capped,10,25,-17,spherical,13.5,Gammaproteobacteria,Pseudomonadaceae,Pseudomonas aeruginosa 
CuO,Capped,10,25,-17,spherical,13.5,Gammaproteobacteria,Pseudomonadaceae,Pseudomonas aeruginosa 
CuO,Capped,10,25,-17,spherical,13.5,Gammaproteobacteria,Pseudomonadaceae,Pseudomonas aeruginosa 
CuO,Capped,40,157,-48.4,spherical,3.4,Gammaproteobacteria,Moraxellaceae,Acinitobacter baumannii 
CuO,Capped,40,157,-48.4,spherical,3.4,Gammaproteobacteria,Moraxellaceae,Acinitobacter baumannii 
CuO,Capped,40,157,-48.4,spherical,3.4,Gammaproteobacteria,Moraxellaceae,Acinitobacter baumannii 
CuO,Capped,40,157,-48.4,spherical,3.4,Gammaproteobacteria,Moraxellaceae,Acinitobacter baumannii 
CuO,Capped,40,157,-48.4,spherical,3.4,Gammaproteobacteria,Moraxellaceae,Acinitobacter baumannii 
CuO,Capped,40,157,-48.4,spherical,3.4,Gammaproteobacteria,Moraxellaceae,Acinitobacter baumannii 
CuO,Capped,40,157,-48.4,spherical,3.4,Gammaproteobacteria,Moraxellaceae,Acinitobacter baumannii 
CuO,Capped,40,157,-48.4,spherical,3.4,Gammaproteobacteria,Moraxellaceae,Acinitobacter baumannii 
CuO,Capped,40,157,-48.4,spherical,3.4,Gammaproteobacteria,Moraxellaceae,Acinitobacter baumannii 
CuO,Capped,40,157,-48.4,spherical,3.4,Gammaproteobacteria,Moraxellaceae,Acinitobacter baumannii 
CuO,Capped,40,157,-48.4,spherical,3.4,Gammaproteobacteria,Moraxellaceae,Acinitobacter baumannii 
CuO,Capped,40,157,-48.4,spherical,3.4,Gammaproteobacteria,Moraxellaceae,Acinitobacter baumannii 
CuO,Capped,40,157,-48.4,spherical,1.6,Gammaproteobacteria,Xanthomonadaceae,Stenotrophomonas maltophilia 
CuO,Capped,40,157,-48.4,spherical,1.6,Gammaproteobacteria,Xanthomonadaceae,Stenotrophomonas maltophilia 
CuO,Capped,40,157,-48.4,spherical,3.4,Gammaproteobacteria,Pseudomonadaceae,Pseudomonas aeruginosa 
CuO,Capped,40,157,-48.4,spherical,3.4,Gammaproteobacteria,Pseudomonadaceae,Pseudomonas aeruginosa 
CuO,Capped,40,157,-48.4,spherical,3.4,Gammaproteobacteria,Pseudomonadaceae,Pseudomonas aeruginosa 
CuO,Capped,40,157,-48.4,spherical,3.4,Gammaproteobacteria,Pseudomonadaceae,Pseudomonas aeruginosa 
CuO,Capped,40,157,-48.4,spherical,3.4,Gammaproteobacteria,Pseudomonadaceae,Pseudomonas aeruginosa 
CuO,Uncapped,10,36,41,spherical,6.7,Gammaproteobacteria,Moraxellaceae,Acinitobacter baumannii 
CuO,Uncapped,10,36,41,spherical,6.7,Gammaproteobacteria,Moraxellaceae,Acinitobacter baumannii 
CuO,Uncapped,10,36,41,spherical,6.7,Gammaproteobacteria,Moraxellaceae,Acinitobacter baumannii 
CuO,Uncapped,10,36,41,spherical,6.7,Gammaproteobacteria,Moraxellaceae,Acinitobacter baumannii 
CuO,Uncapped,10,36,41,spherical,6.7,Gammaproteobacteria,Moraxellaceae,Acinitobacter baumannii 
CuO,Uncapped,10,36,41,spherical,6.7,Gammaproteobacteria,Moraxellaceae,Acinitobacter baumannii 
CuO,Uncapped,10,36,41,spherical,6.7,Gammaproteobacteria,Moraxellaceae,Acinitobacter baumannii 
CuO,Uncapped,10,36,41,spherical,6.7,Gammaproteobacteria,Moraxellaceae,Acinitobacter baumannii 
CuO,Uncapped,10,36,41,spherical,6.7,Gammaproteobacteria,Moraxellaceae,Acinitobacter baumannii 
CuO,Uncapped,10,36,41,spherical,6.7,Gammaproteobacteria,Moraxellaceae,Acinitobacter baumannii 
CuO,Uncapped,10,36,41,spherical,6.7,Gammaproteobacteria,Moraxellaceae,Acinitobacter baumannii 
CuO,Uncapped,10,36,41,spherical,6.7,Gammaproteobacteria,Moraxellaceae,Acinitobacter baumannii 
CuO,Uncapped,10,36,41,spherical,6.7,Gammaproteobacteria,Xanthomonadaceae,Stenotrophomonas maltophilia 
CuO,Uncapped,10,36,41,spherical,6.7,Gammaproteobacteria,Xanthomonadaceae,Stenotrophomonas maltophilia 
CuO,Uncapped,10,36,41,spherical,6.7,Gammaproteobacteria,Pseudomonadaceae,Pseudomonas aeruginosa 
CuO,Uncapped,10,36,41,spherical,6.7,Gammaproteobacteria,Pseudomonadaceae,Pseudomonas aeruginosa 
CuO,Uncapped,10,36,41,spherical,6.7,Gammaproteobacteria,Pseudomonadaceae,Pseudomonas aeruginosa 
CuO,Uncapped,10,36,41,spherical,6.7,Gammaproteobacteria,Pseudomonadaceae,Pseudomonas aeruginosa 
CuO,Uncapped,10,36,41,spherical,6.7,Gammaproteobacteria,Pseudomonadaceae,Pseudomonas aeruginosa 
Au,Capped,40,66,-20,spherical,19,Gammaproteobacteria,Pseudomonadaceae,Pseudomonas aeruginosa
Au,Capped,40,66,-20,spherical,78,Gammaproteobacteria,Enterobacteriaceae,Escherichia coli 
Au,Capped,40,66,-24,spherical,39,Gammaproteobacteria,Pseudomonadaceae,Pseudomonas aeruginosa
Au,Capped,40,66,-24,spherical,1.56,Gammaproteobacteria,Enterobacteriaceae,Escherichia coli 
Au,Capped,15,78,-20.3,polydispersed,10.3,Bacilli,Staphylococcaceae,Staphylococcus aureus
Au,Capped,15,78,-20.3,polydispersed,12.5,Gammaproteobacteria,Enterobacteriaceae,Klebsiella pneumoniae
Au,Capped,15,78,-20.3,polydispersed,22.6,Gammaproteobacteria,Enterobacteriaceae,Salmonella abony
Au,Capped,15,78,-20.3,polydispersed,16.2,Gammaproteobacteria,Enterobacteriaceae,Escherichia coli 
Au,Capped,70,87,-13,polydispersed,32,Gammaproteobacteria,Enterobacteriaceae,Klebsiella pneumoniae 
Au,Capped,70,87,-13,polydispersed,32,Gammaproteobacteria,Enterobacteriaceae,Klebsiella pneumoniae  
Au,Capped,70,87,-13,polydispersed,32,Gammaproteobacteria,Enterobacteriaceae,Klebsiella pneumoniae 
Au,Capped,70,87,-13,polydispersed,32,Gammaproteobacteria,Enterobacteriaceae,Enterobacter cloacae 
Au,Capped,70,87,-13,polydispersed,32,Bacilli,Streptococcaceae,Streptococcus mutans 
Au,Capped,70,87,-13,polydispersed,16,Bacilli,Streptococcaceae,Streptococcus mutans 
Au,Capped,70,87,-13,polydispersed,128,Bacilli,Streptococcaceae,Streptococcus mutans
Au,Capped,70,87,-13,polydispersed,64,Gammaproteobacteria,Enterobacteriaceae,Escherichia coli 
Au,Capped,70,87,-13,polydispersed,128,Gammaproteobacteria,Enterobacteriaceae,Escherichia coli 
Au,Capped,70,87,-13,polydispersed,128,Gammaproteobacteria,Enterobacteriaceae,Escherichia coli 
Au,Capped,70,87,-13,polydispersed,64,Gammaproteobacteria,Enterobacteriaceae,Escherichia coli 
Au,Capped,70,87,-13,polydispersed,64,Gammaproteobacteria,Enterobacteriaceae,Klebsiella pneumoniae 
Au,Capped,70,87,-13,polydispersed,128,Gammaproteobacteria,Enterobacteriaceae,Klebsiella pneumoniae 
Au,Capped,70,87,-13,polydispersed,128,Gammaproteobacteria,Enterobacteriaceae,Klebsiella pneumoniae 
Au,Capped,70,87,-13,polydispersed,64,Gammaproteobacteria,Enterobacteriaceae,Klebsiella pneumoniae 
Au,Capped,70,87,-13,polydispersed,128,Gammaproteobacteria,Enterobacteriaceae,Klebsiella pneumoniae  
Au,Capped,70,87,-13,polydispersed,64,Gammaproteobacteria,Enterobacteriaceae,Klebsiella pneumoniae 
Au,Capped,70,87,-13,polydispersed,64,Gammaproteobacteria,Enterobacteriaceae,Enterobacter cloacae 
Au,Capped,70,87,-13,polydispersed,64,Gammaproteobacteria,Enterobacteriaceae,Enterobacter cloacae 
Au,Capped,70,87,-13,polydispersed,128,Bacilli,Streptococcaceae,Streptococcus mutans 
Au,Capped,70,87,-13,polydispersed,128,Bacilli,Streptococcaceae,Streptococcus mutans 
Au,Capped,70,87,-13,polydispersed,256,Bacilli,Streptococcaceae,Streptococcus mutans
Au,Capped,70,87,-13,polydispersed,32,Gammaproteobacteria,Enterobacteriaceae,Escherichia coli 
Au,Capped,70,87,-13,polydispersed,64,Gammaproteobacteria,Enterobacteriaceae,Escherichia coli 
Au,Capped,70,87,-13,polydispersed,64,Gammaproteobacteria,Enterobacteriaceae,Escherichia coli 
Au,Capped,70,87,-13,polydispersed,32,Gammaproteobacteria,Enterobacteriaceae,Escherichia coli 
Au,Capped,70,87,-13,polydispersed,16,Gammaproteobacteria,Enterobacteriaceae,Klebsiella pneumoniae 
Au,Capped,70,87,-13,polydispersed,64,Gammaproteobacteria,Enterobacteriaceae,Klebsiella pneumoniae 
Au,Capped,70,87,-13,polydispersed,64,Gammaproteobacteria,Enterobacteriaceae,Klebsiella pneumoniae 
Au,Capped,70,87,-13,polydispersed,64,Gammaproteobacteria,Enterobacteriaceae,Klebsiella pneumoniae 
Au,Capped,70,87,-13,polydispersed,128,Gammaproteobacteria,Enterobacteriaceae,Klebsiella pneumoniae  
Au,Capped,70,87,-13,polydispersed,32,Gammaproteobacteria,Enterobacteriaceae,Klebsiella pneumoniae 
Au,Capped,70,87,-13,polydispersed,32,Gammaproteobacteria,Enterobacteriaceae,Enterobacter cloacae 
Au,Capped,70,87,-13,polydispersed,64,Gammaproteobacteria,Enterobacteriaceae,Enterobacter cloacae 
Au,Capped,70,87,-13,polydispersed,128,Bacilli,Streptococcaceae,Streptococcus mutans 
Au,Capped,70,87,-13,polydispersed,16,Bacilli,Streptococcaceae,Streptococcus mutans 
Au,Capped,70,87,-13,polydispersed,128,Bacilli,Streptococcaceae,Streptococcus mutans
Au,Capped,70,87,-13,polydispersed,32,Gammaproteobacteria,Enterobacteriaceae,Escherichia coli 
Au,Capped,70,87,-13,polydispersed,64,Gammaproteobacteria,Enterobacteriaceae,Escherichia coli 
Au,Capped,70,87,-13,polydispersed,64,Gammaproteobacteria,Enterobacteriaceae,Escherichia coli 
Au,Capped,70,87,-13,polydispersed,32,Gammaproteobacteria,Enterobacteriaceae,Escherichia coli 
Au,Capped,70,87,-13,polydispersed,16,Gammaproteobacteria,Enterobacteriaceae,Klebsiella pneumoniae 
Au,Capped,70,87,-13,polydispersed,64,Gammaproteobacteria,Enterobacteriaceae,Klebsiella pneumoniae 
Au,Capped,70,87,-13,polydispersed,64,Gammaproteobacteria,Enterobacteriaceae,Klebsiella pneumoniae 
Au,Capped,70,87,-13,polydispersed,64,Gammaproteobacteria,Enterobacteriaceae,Klebsiella pneumoniae 
Au,Capped,70,87,-13,polydispersed,64,Gammaproteobacteria,Enterobacteriaceae,Klebsiella pneumoniae  
Au,Capped,70,87,-13,polydispersed,32,Gammaproteobacteria,Enterobacteriaceae,Klebsiella pneumoniae 
Au,Capped,70,87,-13,polydispersed,64,Gammaproteobacteria,Enterobacteriaceae,Enterobacter cloacae 
Au,Capped,70,87,-13,polydispersed,64,Gammaproteobacteria,Enterobacteriaceae,Enterobacter cloacae 
Au,Capped,70,87,-13,polydispersed,64,Bacilli,Streptococcaceae,Streptococcus mutans 
Au,Capped,70,87,-13,polydispersed,64,Bacilli,Streptococcaceae,Streptococcus mutans 
Au,Capped,70,87,-13,polydispersed,64,Bacilli,Streptococcaceae,Streptococcus mutans
Au,Capped,70,87,-13,polydispersed,32,Gammaproteobacteria,Enterobacteriaceae,Escherichia coli 
Au,Capped,70,87,-13,polydispersed,32,Gammaproteobacteria,Enterobacteriaceae,Escherichia coli 
Au,Capped,70,87,-13,polydispersed,32,Gammaproteobacteria,Enterobacteriaceae,Escherichia coli 
Au,Capped,70,87,-13,polydispersed,32,Gammaproteobacteria,Enterobacteriaceae,Escherichia coli 
Au,Capped,70,87,-13,polydispersed,16,Gammaproteobacteria,Enterobacteriaceae,Klebsiella pneumoniae 
Au,Capped,70,87,-13,polydispersed,64,Gammaproteobacteria,Enterobacteriaceae,Klebsiella pneumoniae 
Au,Capped,70,87,-13,polydispersed,64,Gammaproteobacteria,Enterobacteriaceae,Klebsiella pneumoniae 
Au,Capped,70,87,-13,polydispersed,32,Gammaproteobacteria,Enterobacteriaceae,Klebsiella pneumoniae 
Au,Capped,70,87,-13,polydispersed,64,Gammaproteobacteria,Enterobacteriaceae,Klebsiella pneumoniae  
Au,Capped,70,87,-13,polydispersed,32,Gammaproteobacteria,Enterobacteriaceae,Klebsiella pneumoniae 
Au,Capped,70,87,-13,polydispersed,32,Gammaproteobacteria,Enterobacteriaceae,Enterobacter cloacae 
Au,Capped,70,87,-13,polydispersed,32,Gammaproteobacteria,Enterobacteriaceae,Enterobacter cloacae 
Au,Capped,70,87,-13,polydispersed,32,Bacilli,Streptococcaceae,Streptococcus mutans 
Au,Capped,70,87,-13,polydispersed,16,Bacilli,Streptococcaceae,Streptococcus mutans 
Au,Capped,70,87,-13,polydispersed,32,Bacilli,Streptococcaceae,Streptococcus mutans
Au,Uncapped,23.5,109,-18.4,spherical,12.5,Gammaproteobacteria,Enterobacteriaceae,Escherichia coli 
Au,Uncapped,23.5,109,-18.4,spherical,25,Gammaproteobacteria,Enterobacteriaceae,Escherichia coli 
Au,Uncapped,11.5,32,23,spherical,0.18,Gammaproteobacteria,Moraxellaceae,Escherichia coli 
Au,Uncapped,35,47,12,spherical,3.12,Gammaproteobacteria,Pseudomonadaceae,Escherichia coli 
TiO2,Capped,30,69,-33,spherical,19.7,Campylobacteria,Campylobacteraceae,Klebsiella pneumoniae 
TiO2,Capped,30,69,-33,spherical,9.85,Campylobacteria,Campylobacteraceae,Klebsiella pneumoniae 
TiO2,Capped,30,69,-33,spherical,9.85,Campylobacteria,Campylobacteraceae,Klebsiella pneumoniae 
TiO2,Capped,30,69,-33,spherical,9.85,Campylobacteria,Campylobacteraceae,Klebsiella pneumoniae 
TiO2,Capped,30,69,-33,spherical,39.4,Campylobacteria,Campylobacteraceae,Klebsiella pneumoniae  
TiO2,Capped,30,69,-33,spherical,4.92,Campylobacteria,Campylobacteraceae,Klebsiella pneumoniae 
TiO2,Capped,30,69,-33,spherical,4.92,Campylobacteria,Campylobacteraceae,Campylobacter coli 
TiO2,Capped,30,69,-33,spherical,9.85,Campylobacteria,Campylobacteraceae,Campylobacter coli 
TiO2,Capped,30,69,-33,spherical,19.7,Campylobacteria,Campylobacteraceae,Campylobacter jejuni 
TiO2,Capped,30,69,-33,spherical,19.7,Campylobacteria,Campylobacteraceae,Campylobacter jejuni 
TiO2,Capped,30,69,-33,spherical,39.4,Campylobacteria,Campylobacteraceae,Campylobacter jejuni 
TiO2,Capped,30,69,-33,spherical,19.7,Campylobacteria,Campylobacteraceae,Campylobacter jejuni 
TiO2,Capped,30,69,-33,spherical,19.7,Campylobacteria,Campylobacteraceae,Campylobacter jejuni 
TiO2,Capped,30,69,-33,spherical,19.7,Campylobacteria,Campylobacteraceae,Campylobacter coli 
TiO2,Capped,30,69,-33,spherical,19.7,Campylobacteria,Campylobacteraceae,Campylobacter jejuni 
TiO2,Capped,30,69,-33,spherical,19.7,Campylobacteria,Campylobacteraceae,Campylobacter coli 
TiO2,Capped,30,69,-33,spherical,19.7,Campylobacteria,Campylobacteraceae,Campylobacter coli 
TiO2,Capped,30,69,-33,spherical,19.7,Campylobacteria,Campylobacteraceae,Campylobacter coli 
TiO2,Capped,30,69,-33,spherical,9.85,Campylobacteria,Campylobacteraceae,Campylobacter jejuni 
TiO2,Capped,30,69,-33,spherical,19.7,Campylobacteria,Campylobacteraceae,Campylobacter jejuni 
TiO2,Capped,30,69,-33,spherical,9.85,Campylobacteria,Campylobacteraceae,Campylobacter jejuni 
TiO2,Capped,30,69,-33,spherical,19.7,Campylobacteria,Campylobacteraceae,Campylobacter jejuni 
TiO2,Capped,30,69,-33,spherical,9.85,Campylobacteria,Campylobacteraceae,Campylobacter jejuni
TiO2,Capped,30,69,-33,spherical,19.7,Campylobacteria,Campylobacteraceae,Campylobacter jejuni 
TiO2,Capped,30,69,-33,spherical,19.7,Campylobacteria,Campylobacteraceae,Campylobacter coli
TiO2,Capped,30,69,-33,spherical,9.85,Campylobacteria,Campylobacteraceae,Campylobacter coli 
TiO2,Capped,30,69,-33,spherical,9.85,Campylobacteria,Campylobacteraceae,Campylobacter coli 
TiO2,Capped,30,69,-33,spherical,19.7,Campylobacteria,Campylobacteraceae,Campylobacter coli 
TiO2,Capped,30,69,-33,spherical,19.7,Campylobacteria,Campylobacteraceae,Campylobacter coli 
TiO2,Capped,30,69,-33,spherical,19.7,Campylobacteria,Campylobacteraceae,Campylobacter jejuni 
TiO2,Capped,30,69,-33,spherical,19.7,Campylobacteria,Campylobacteraceae,Campylobacter jejuni 
TiO2,Capped,30,69,-33,spherical,19.7,Campylobacteria,Campylobacteraceae,Campylobacter jejuni 
TiO2,Capped,30,69,-33,spherical,19.7,Campylobacteria,Campylobacteraceae,Campylobacter jejuni 
TiO2,Capped,30,69,-33,spherical,19.7,Campylobacteria,Campylobacteraceae,Campylobacter jejuni
TiO2,Capped,30,69,-33,spherical,19.7,Campylobacteria,Campylobacteraceae,Campylobacter jejuni 
TiO2,Capped,30,69,-33,spherical,19.7,Campylobacteria,Campylobacteraceae,Campylobacter coli
TiO2,Capped,30,69,-33,spherical,39.4,Campylobacteria,Campylobacteraceae,Campylobacter coli 
TiO2,Capped,30,69,-33,spherical,39.4,Campylobacteria,Campylobacteraceae,Campylobacter coli 
TiO2,Capped,30,69,-33,spherical,19.7,Campylobacteria,Campylobacteraceae,Campylobacter coli 
TiO2,Capped,30,69,-33,spherical,39.4,Campylobacteria,Campylobacteraceae,Campylobacter coli 
TiO2,Capped,54,110,-33,spherical,102.8,Gammaproteobacteria,Enterobacteriaceae,Escherichia coli 
TiO2,Capped,54,110,-33,spherical,308,Gammaproteobacteria,Enterobacteriaceae,Klebsiella pneumoniae 
TiO2,Capped,54,110,-33,spherical,102.8,Gammaproteobacteria,Pseudomonadaceae,Pseudomonas aeruginosa 
TiO2,Uncapped,21.7,42,-4,spherical,8,Gammaproteobacteria,Moraxellaceae,Acinetobacter baumannii
TiO2,Uncapped,25.6,56,-8,spherical,32,Gammaproteobacteria,Moraxellaceae,Acinetobacter baumannii
TiO2,Capped,16.8,34,10,spherical,7.8,Bacilli,Staphylococcaceae,Staphylococcus aureus
TiO2,Capped,16.8,34,10,spherical,2.34,Gammaproteobacteria,Pseudomonadaceae,Pseudomonas aeruginosa 
TiO2,Capped,16.8,34,10,spherical,7.8,Gammaproteobacteria,Enterobacteriaceae,Proteus vulgaris
TiO2,Capped,16.8,34,10,spherical,18.75,Bacilli,Streptococcaceae,Streptococcus pyogenes
TiO2,Capped,16.8,34,10,spherical,18.75,Gammaproteobacteria,Enterobacteriaceae,Klebsiella pneumoniae 
TiO2,Capped,16.8,34,10,spherical,9.3,Gammaproteobacteria,Enterobacteriaceae,Escherichia coli 
TiO2,Capped,16.8,34,10,spherical,25,Gammaproteobacteria,Enterobacteriaceae,Proteus mirabilis
TiO2,Capped,17.6,46,-20,spherical,6.25,Gammaproteobacteria,Enterobacteriaceae,Klebsiella pneumoniae
TiO2,Capped,17.6,46,-20,spherical,12.5,Gammaproteobacteria,Enterobacteriaceae,Klebsiella pneumoniae 
TiO2,Capped,17.6,46,-20,spherical,12.5,Gammaproteobacteria,Enterobacteriaceae,Klebsiella pneumoniae 
TiO2,Capped,17.6,46,-20,spherical,25,Gammaproteobacteria,Enterobacteriaceae,Klebsiella pneumoniae
TiO2,Capped,17.6,46,-20,spherical,12.5,Gammaproteobacteria,Enterobacteriaceae,Klebsiella pneumoniae 
TiO2,Capped,17.6,46,-20,spherical,50,Gammaproteobacteria,Enterobacteriaceae,Klebsiella pneumoniae 
TiO2,Capped,17.6,46,-20,spherical,100,Gammaproteobacteria,Enterobacteriaceae,Klebsiella pneumoniae
TiO2,Capped,17.6,46,-20,spherical,25,Gammaproteobacteria,Enterobacteriaceae,Klebsiella pneumoniae 
TiO2,Capped,17.6,46,-20,spherical,25,Gammaproteobacteria,Enterobacteriaceae,Klebsiella pneumoniae 
TiO2,Capped,17.6,46,-20,spherical,12.5,Gammaproteobacteria,Enterobacteriaceae,Klebsiella pneumoniae
TiO2,Capped,17.6,46,-20,spherical,12.5,Gammaproteobacteria,Enterobacteriaceae,Klebsiella pneumoniae 
TiO2,Capped,17.6,46,-20,spherical,6.25,Gammaproteobacteria,Enterobacteriaceae,Klebsiella pneumoniae 
TiO2,Capped,17.6,46,-20,spherical,25,Gammaproteobacteria,Enterobacteriaceae,Klebsiella pneumoniae
TiO2,Capped,17.6,46,-20,spherical,50,Gammaproteobacteria,Enterobacteriaceae,Klebsiella pneumoniae 
TiO2,Capped,17.6,46,-20,spherical,50,Gammaproteobacteria,Enterobacteriaceae,Klebsiella pneumoniae 
TiO2,Capped,17.6,46,-20,spherical,25,Gammaproteobacteria,Enterobacteriaceae,Klebsiella pneumoniae
TiO2,Capped,17.6,46,-20,spherical,12.5,Gammaproteobacteria,Enterobacteriaceae,Klebsiella pneumoniae 
TiO2,Capped,17.6,46,-20,spherical,100,Gammaproteobacteria,Enterobacteriaceae,Klebsiella pneumoniae 
TiO2,Capped,17.6,46,-20,spherical,25,Gammaproteobacteria,Enterobacteriaceae,Klebsiella pneumoniae
TiO2,Capped,17.6,46,-20,spherical,12.5,Gammaproteobacteria,Enterobacteriaceae,Klebsiella pneumoniae 
TiO2,Capped,17.6,46,-20,spherical,12.5,Gammaproteobacteria,Enterobacteriaceae,Klebsiella pneumoniae 
TiO2,Capped,17.6,46,-20,spherical,6.25,Gammaproteobacteria,Enterobacteriaceae,Klebsiella pneumoniae
TiO2,Capped,17.6,46,-20,spherical,6.25,Gammaproteobacteria,Enterobacteriaceae,Klebsiella pneumoniae 
TiO2,Capped,17.6,46,-20,spherical,12.5,Gammaproteobacteria,Enterobacteriaceae,Klebsiella pneumoniae 
TiO2,Capped,17.6,46,-20,spherical,25,Gammaproteobacteria,Enterobacteriaceae,Klebsiella pneumoniae
TiO2,Capped,17.6,46,-20,spherical,25,Gammaproteobacteria,Enterobacteriaceae,Klebsiella pneumoniae 
TiO2,Capped,17.6,46,-20,spherical,6.25,Gammaproteobacteria,Enterobacteriaceae,Klebsiella pneumoniae 
TiO2,Capped,17.6,46,-20,spherical,25,Gammaproteobacteria,Enterobacteriaceae,Klebsiella pneumoniae
TiO2,Capped,17.6,46,-20,spherical,50,Gammaproteobacteria,Enterobacteriaceae,Klebsiella pneumoniae 
TiO2,Capped,17.6,46,-20,spherical,50,Gammaproteobacteria,Enterobacteriaceae,Klebsiella pneumoniae 
TiO2,Capped,17.6,46,-20,spherical,6.25,Gammaproteobacteria,Enterobacteriaceae,Klebsiella pneumoniae
TiO2,Capped,17.6,46,-20,spherical,12.5,Gammaproteobacteria,Enterobacteriaceae,Klebsiella pneumoniae 
TiO2,Capped,17.6,46,-20,spherical,50,Gammaproteobacteria,Enterobacteriaceae,Klebsiella pneumoniae 
TiO2,Capped,17.6,46,-20,spherical,50,Gammaproteobacteria,Enterobacteriaceae,Klebsiella pneumoniae
TiO2,Capped,17.6,46,-20,spherical,6.25,Gammaproteobacteria,Enterobacteriaceae,Klebsiella pneumoniae 
TiO2,Capped,17.6,46,-20,spherical,100,Gammaproteobacteria,Enterobacteriaceae,Klebsiella pneumoniae 
TiO2,Capped,17.6,46,-20,spherical,6.25,Gammaproteobacteria,Enterobacteriaceae,Klebsiella pneumoniae 
TiO2,Capped,17.6,46,-20,spherical,12.5,Gammaproteobacteria,Enterobacteriaceae,Klebsiella pneumoniae
TiO2,Capped,17.6,46,-20,spherical,25,Gammaproteobacteria,Enterobacteriaceae,Klebsiella pneumoniae 
TiO2,Capped,17.6,46,-20,spherical,25,Gammaproteobacteria,Enterobacteriaceae,Klebsiella pneumoniae 
TiO2,Uncapped,25,36,0.19,spherical,6.25,Gammaproteobacteria,Enterobacteriaceae,Escherichia coli 
TiO2,Uncapped,25,36,0.19,spherical,12.5,Bacilli,Listeriaceae,Listeria monocytogenes
TiO2,Uncapped,25,36,0.19,spherical,3.125,Gammaproteobacteria,Enterobacteriaceae,Salmonella typhimurium
TiO2,Uncapped,25,36,0.19,spherical,6.25,Gammaproteobacteria,Pseudomonadaceae,Pseudomonas aeruginosa 
TiO2,Uncapped,25,36,0.19,spherical,25,Gammaproteobacteria,Enterobacteriaceae,Klebsiella pneumoniae 
TiO2,Uncapped,16,31,-15,triangular,4,Gammaproteobacteria,Enterobacteriaceae,Escherichia coli
TiO2,Uncapped,16,31,-15,triangular,8,Bacilli,Staphylococcaceae,Staphylococcus aureus
TiO2,Uncapped,20.5,66,-33,Spherical,1.6,Gammaproteobacteria,Pseudomonadaceae,Pseudomonas aeruginosa
TiO2,Uncapped,20.5,66,-33,Spherical,1.6,Gammaproteobacteria,Enterobacteriaceae,Escherichia coli
ZnO,Capped,36,43,-5,spherical,50,Gammaproteobacteria,Pseudomonadaceae,Pseudomonas aeruginosa 
ZnO,Capped,36,43,-5,spherical,25,Gammaproteobacteria,Pseudomonadaceae,Pseudomonas aeruginosa 
ZnO,Capped,36,43,-5,spherical,12.5,Gammaproteobacteria,Pseudomonadaceae,Pseudomonas aeruginosa 
ZnO,Capped,36,43,-5,spherical,200,Gammaproteobacteria,Pseudomonadaceae,Pseudomonas aeruginosa 
ZnO,Capped,36,43,-5,spherical,12.5,Gammaproteobacteria,Pseudomonadaceae,Pseudomonas aeruginosa 
ZnO,Capped,36,43,-5,spherical,12.5,Gammaproteobacteria,Pseudomonadaceae,Pseudomonas aeruginosa 
ZnO,Capped,36,43,-5,spherical,100,Gammaproteobacteria,Pseudomonadaceae,Pseudomonas aeruginosa 
ZnO,Capped,36,43,-5,spherical,100,Gammaproteobacteria,Pseudomonadaceae,Pseudomonas aeruginosa 
ZnO,Capped,36,43,-5,spherical,12.5,Gammaproteobacteria,Pseudomonadaceae,Pseudomonas aeruginosa 
ZnO,Capped,36,43,-5,spherical,25,Gammaproteobacteria,Pseudomonadaceae,Pseudomonas aeruginosa 
ZnO,Capped,36,43,-5,spherical,100,Gammaproteobacteria,Pseudomonadaceae,Pseudomonas aeruginosa 
ZnO,Capped,36,43,-5,spherical,12.5,Gammaproteobacteria,Pseudomonadaceae,Pseudomonas aeruginosa 
ZnO,Capped,36,43,-5,spherical,50,Gammaproteobacteria,Pseudomonadaceae,Pseudomonas aeruginosa 
ZnO,Capped,36,43,-5,spherical,200,Gammaproteobacteria,Pseudomonadaceae,Pseudomonas aeruginosa 
ZnO,Capped,36,43,-5,spherical,25,Gammaproteobacteria,Pseudomonadaceae,Pseudomonas aeruginosa 
ZnO,Capped,36,43,-5,spherical,25,Gammaproteobacteria,Pseudomonadaceae,Pseudomonas aeruginosa 
ZnO,Capped,36,43,-5,spherical,12.5,Gammaproteobacteria,Pseudomonadaceae,Pseudomonas aeruginosa 
ZnO,Capped,36,43,-5,spherical,50,Gammaproteobacteria,Pseudomonadaceae,Pseudomonas aeruginosa 
ZnO,Capped,36,43,-5,spherical,6.25,Gammaproteobacteria,Pseudomonadaceae,Pseudomonas aeruginosa 
ZnO,Capped,36,43,-5,spherical,6.25,Gammaproteobacteria,Pseudomonadaceae,Pseudomonas aeruginosa 
ZnO,Capped,17,34,-9,spherical,8,Gammaproteobacteria,Enterobacteriaceae,Escherichia coli 
ZnO,Capped,17,34,-9,spherical,16,Gammaproteobacteria,Enterobacteriaceae,Escherichia coli 
ZnO,Capped,17,34,-9,spherical,16,Gammaproteobacteria,Enterobacteriaceae,Escherichia coli 
ZnO,Capped,9.2,22,-9,spherical,8,Gammaproteobacteria,Enterobacteriaceae,Escherichia coli 
ZnO,Capped,9.2,22,-9,spherical,8,Gammaproteobacteria,Enterobacteriaceae,Escherichia coli 
ZnO,Capped,9.2,22,-9,spherical,16,Gammaproteobacteria,Enterobacteriaceae,Escherichia coli 
ZnO,Capped,20,34,12,spherical,39,Gammaproteobacteria,Pseudomonadaceae,Pseudomonas aeruginosa
ZnO,Capped,20,34,12,spherical,78,Gammaproteobacteria,Moraxellaceae,Acinitobacter baumannii
ZnO,Capped,59,77,-40,spherical,11.25,Gammaproteobacteria,Moraxellaceae,Acinitobacter baumannii 
ZnO,Capped,59,77,-40,spherical,11.25,Gammaproteobacteria,Moraxellaceae,Acinitobacter baumannii 
ZnO,Capped,59,77,-40,spherical,11.25,Gammaproteobacteria,Moraxellaceae,Acinitobacter baumannii 
ZnO,Capped,59,77,-40,spherical,11.25,Gammaproteobacteria,Moraxellaceae,Acinitobacter baumannii 
ZnO,Capped,45,65,-11,spherical,1.4,Gammaproteobacteria,Enterobacteriaceae,Klebsiella pneumoniae 
ZnO,Capped,45,65,-11,spherical,2,Gammaproteobacteria,Enterobacteriaceae,Escherichia coli 
ZnO,Capped,11,35,-25,spherical,2.5,Bacilli,Staphylococcaceae,Staphylococcus aureus 
ZnO,Capped,11,35,-25,spherical,2.5,Bacilli,Staphylococcaceae,Staphylococcus aureus 
ZnO,Capped,11,35,-25,spherical,2.5,Bacilli,Staphylococcaceae,Staphylococcus aureus
ZnO,Capped,11,35,-25,spherical,5,Bacilli,Staphylococcaceae,Staphylococcus aureus
ZnO,Capped,11,35,-25,spherical,1.25,Bacilli,Staphylococcaceae,Staphylococcus aureus 
ZnO,Capped,11,35,-25,spherical,1.25,Bacilli,Staphylococcaceae,Staphylococcus aureus 
ZnO,Capped,11,35,-25,spherical,1.25,Bacilli,Staphylococcaceae,Staphylococcus aureus 
ZnO,Capped,11,35,-25,spherical,1.25,Bacilli,Staphylococcaceae,Staphylococcus aureus
ZnO,Capped,11,35,-25,spherical,2.5,Bacilli,Staphylococcaceae,Staphylococcus aureus
ZnO,Capped,11,35,-25,spherical,2.5,Bacilli,Staphylococcaceae,Staphylococcus aureus 
ZnO,Capped,11,35,-25,spherical,2.5,Bacilli,Staphylococcaceae,Staphylococcus aureus 
ZnO,Capped,11,35,-25,spherical,2.5,Bacilli,Staphylococcaceae,Staphylococcus aureus 
ZnO,Capped,11,35,-25,spherical,2.5,Bacilli,Staphylococcaceae,Staphylococcus aureus
ZnO,Capped,11,35,-25,spherical,2.5,Bacilli,Staphylococcaceae,Staphylococcus aureus
ZnO,Capped,11,35,-25,spherical,1.25,Bacilli,Staphylococcaceae,Staphylococcus aureus 
ZnO,Capped,11,35,-25,spherical,2.5,Bacilli,Staphylococcaceae,Staphylococcus aureus 
ZnO,Capped,11,35,-25,spherical,1.25,Bacilli,Staphylococcaceae,Staphylococcus aureus 
ZnO,Capped,11,35,-25,spherical,2.5,Bacilli,Staphylococcaceae,Staphylococcus aureus
ZnO,Capped,11,35,-25,spherical,2.5,Bacilli,Staphylococcaceae,Staphylococcus aureus
ZnO,Capped,11,35,-25,spherical,2.5,Bacilli,Staphylococcaceae,Staphylococcus aureus 
ZnO,Capped,11,35,-25,spherical,2.5,Bacilli,Staphylococcaceae,Staphylococcus aureus 
ZnO,Capped,11,35,-25,spherical,2.5,Bacilli,Staphylococcaceae,Staphylococcus aureus 
ZnO,Capped,11,35,-25,spherical,2.5,Bacilli,Staphylococcaceae,Staphylococcus aureus
ZnO,Capped,11,35,-25,spherical,2.5,Bacilli,Staphylococcaceae,Staphylococcus aureus
ZnO,Capped,11,35,-25,spherical,2.5,Bacilli,Staphylococcaceae,Staphylococcus aureus 
ZnO,Capped,11,35,-25,spherical,2.5,Bacilli,Staphylococcaceae,Staphylococcus aureus 
ZnO,Capped,11,35,-25,spherical,2.5,Bacilli,Staphylococcaceae,Staphylococcus aureus 
ZnO,Capped,11,35,-25,spherical,1.25,Bacilli,Staphylococcaceae,Staphylococcus aureus
ZnO,Capped,11,35,-25,spherical,1.25,Bacilli,Staphylococcaceae,Staphylococcus aureus
ZnO,Capped,11,35,-25,spherical,1.25,Bacilli,Staphylococcaceae,Staphylococcus aureus 
ZnO,Capped,11,35,-25,spherical,0.625,Bacilli,Streptococcaceae,Streptococcus pneumoniae
ZnO,Capped,11,35,-25,spherical,2.5,Bacilli,Streptococcaceae,Streptococcus pneumoniae
ZnO,Capped,11,35,-25,spherical,2.5,Bacilli,Streptococcaceae,Streptococcus pneumoniae
ZnO,Capped,11,35,-25,spherical,2.5,Bacilli,Streptococcaceae,Streptococcus pneumoniae 
ZnO,Capped,11,35,-25,spherical,1.25,Bacilli,Streptococcaceae,Streptococcus pneumoniae
ZnO,Capped,11,35,-25,spherical,0.625,Bacilli,Streptococcaceae,Streptococcus pneumoniae
ZnO,Capped,11,35,-25,spherical,5,Bacilli,Streptococcaceae,Streptococcus pneumoniae
ZnO,Capped,11,35,-25,spherical,1.25,Bacilli,Streptococcaceae,Streptococcus pneumoniae 
ZnO,Capped,11,35,-25,spherical,1.25,Bacilli,Streptococcaceae,Streptococcus pneumoniae 
ZnO,Capped,11,35,-25,spherical,0.625,Bacilli,Listeriaceae,Listeria monocytogenes 
ZnO,Capped,11,35,-25,spherical,1.25,Bacilli,Listeriaceae,Listeria monocytogenes 
ZnO,Capped,11,35,-25,spherical,0.625,Bacilli,Listeriaceae,Listeria monocytogenes 
ZnO,Capped,11,35,-25,spherical,2.5,Gammaproteobacteria,Listeriaceae,Listeria monocytogenes 
ZnO,Capped,11,35,-25,spherical,0.625,Gammaproteobacteria,Pseudomonadaceae,Pseudomonas aeruginosa 
ZnO,Capped,11,35,-25,spherical,2.5,Gammaproteobacteria,Pseudomonadaceae,Pseudomonas aeruginosa 
ZnO,Capped,11,35,-25,spherical,2.5,Gammaproteobacteria,Pseudomonadaceae,Pseudomonas aeruginosa 
ZnO,Capped,11,35,-25,spherical,5,Gammaproteobacteria,Pseudomonadaceae,Pseudomonas aeruginosa 
ZnO,Capped,11,35,-25,spherical,0.625,Gammaproteobacteria,Pseudomonadaceae,Pseudomonas aeruginosa 
ZnO,Capped,11,35,-25,spherical,0.625,Gammaproteobacteria,Pseudomonadaceae,Pseudomonas aeruginosa 
ZnO,Capped,11,35,-25,spherical,2.5,Gammaproteobacteria,Pseudomonadaceae,Pseudomonas aeruginosa 
ZnO,Capped,11,35,-25,spherical,2.5,Gammaproteobacteria,Pseudomonadaceae,Pseudomonas aeruginosa 
ZnO,Capped,11,35,-25,spherical,0.625,Gammaproteobacteria,Pseudomonadaceae,Pseudomonas aeruginosa 
ZnO,Capped,11,35,-25,spherical,1.25,Gammaproteobacteria,Pseudomonadaceae,Pseudomonas aeruginosa 
ZnO,Capped,11,35,-25,spherical,0.625,Gammaproteobacteria,Pseudomonadaceae,Pseudomonas aeruginosa 
ZnO,Capped,11,35,-25,spherical,1.25,Gammaproteobacteria,Pseudomonadaceae,Pseudomonas aeruginosa 
ZnO,Capped,11,35,-25,spherical,0.625,Gammaproteobacteria,Pseudomonadaceae,Pseudomonas aeruginosa 
ZnO,Capped,11,35,-25,spherical,1.25,Gammaproteobacteria,Enterobacteriaceae,Klebsiella pneumoniae 
ZnO,Capped,11,35,-25,spherical,2.5,Gammaproteobacteria,Enterobacteriaceae,Klebsiella pneumoniae
ZnO,Capped,11,35,-25,spherical,2.5,Gammaproteobacteria,Enterobacteriaceae,Klebsiella pneumoniae 
ZnO,Capped,11,35,-25,spherical,1.25,Gammaproteobacteria,Enterobacteriaceae,Klebsiella pneumoniae 
ZnO,Capped,11,35,-25,spherical,5,Gammaproteobacteria,Enterobacteriaceae,Klebsiella pneumoniae
ZnO,Capped,11,35,-25,spherical,0.625,Bacilli,Enterobacteriaceae,Klebsiella pneumoniae 
ZnO,Capped,11,35,-25,spherical,10,Bacilli,Staphylococcaceae,Staphylococcus aureus 
ZnO,Capped,11,35,-25,spherical,5,Bacilli,Staphylococcaceae,Staphylococcus aureus 
ZnO,Capped,11,35,-25,spherical,2.5,Bacilli,Staphylococcaceae,Staphylococcus aureus 
ZnO,Capped,11,35,-25,spherical,2.5,Bacilli,Staphylococcaceae,Staphylococcus aureus 
ZnO,Capped,11,35,-25,spherical,10,Bacilli,Staphylococcaceae,Staphylococcus aureus 
ZnO,Capped,11,35,-25,spherical,5,Bacilli,Staphylococcaceae,Staphylococcus aureus 
ZnO,Capped,11,35,-25,spherical,10,Bacilli,Staphylococcaceae,Staphylococcus aureus 
ZnO,Capped,11,35,-25,spherical,10,Bacilli,Staphylococcaceae,Staphylococcus aureus 
ZnO,Capped,11,35,-25,spherical,2.5,Bacilli,Staphylococcaceae,Staphylococcus aureus 
ZnO,Capped,11,35,-25,spherical,10,Bacilli,Staphylococcaceae,Staphylococcus aureus 
ZnO,Capped,11,35,-25,spherical,2.5,Bacilli,Staphylococcaceae,Staphylococcus aureus 
ZnO,Capped,11,35,-25,spherical,10,Bacilli,Staphylococcaceae,Staphylococcus aureus 
ZnO,Capped,11,35,-25,spherical,5,Bacilli,Staphylococcaceae,Staphylococcus aureus 
ZnO,Capped,11,35,-25,spherical,5,Bacilli,Staphylococcaceae,Staphylococcus aureus 
ZnO,Capped,11,35,-25,spherical,10,Bacilli,Staphylococcaceae,Staphylococcus aureus 
ZnO,Capped,11,35,-25,spherical,5,Bacilli,Staphylococcaceae,Staphylococcus aureus 
ZnO,Capped,11,35,-25,spherical,5,Bacilli,Staphylococcaceae,Staphylococcus aureus 
ZnO,Capped,11,35,-25,spherical,5,Bacilli,Staphylococcaceae,Staphylococcus aureus 
ZnO,Capped,11,35,-25,spherical,5,Bacilli,Staphylococcaceae,Staphylococcus aureus 
ZnO,Capped,11,35,-25,spherical,2.5,Bacilli,Staphylococcaceae,Staphylococcus aureus 
ZnO,Capped,11,35,-25,spherical,2.5,Bacilli,Staphylococcaceae,Staphylococcus aureus 
ZnO,Capped,11,35,-25,spherical,0.625,Bacilli,Staphylococcaceae,Staphylococcus aureus 
ZnO,Capped,11,35,-25,spherical,1.25,Bacilli,Staphylococcaceae,Staphylococcus aureus 
ZnO,Capped,11,35,-25,spherical,1.25,Bacilli,Staphylococcaceae,Staphylococcus aureus 
ZnO,Capped,11,35,-25,spherical,0.625,Bacilli,Staphylococcaceae,Staphylococcus aureus 
ZnO,Capped,11,35,-25,spherical,1.25,Bacilli,Staphylococcaceae,Staphylococcus aureus 
ZnO,Capped,11,35,-25,spherical,5,Bacilli,Streptococcaceae,Streptococcus pneumoniae 
ZnO,Capped,11,35,-25,spherical,2.5,Bacilli,Streptococcaceae,Streptococcus pneumoniae
ZnO,Capped,11,35,-25,spherical,1.25,Bacilli,Streptococcaceae,Streptococcus pneumoniae
ZnO,Capped,11,35,-25,spherical,5,Bacilli,Streptococcaceae,Streptococcus pneumoniae 
ZnO,Capped,11,35,-25,spherical,1.25,Bacilli,Streptococcaceae,Streptococcus pneumoniae 
ZnO,Capped,11,35,-25,spherical,2.5,Bacilli,Streptococcaceae,Streptococcus pneumoniae
ZnO,Capped,11,35,-25,spherical,2.5,Bacilli,Streptococcaceae,Streptococcus pneumoniae
ZnO,Capped,11,35,-25,spherical,1.25,Bacilli,Streptococcaceae,Streptococcus pneumoniae 
ZnO,Capped,11,35,-25,spherical,0.625,Bacilli,Streptococcaceae,Streptococcus pneumoniae 
ZnO,Capped,11,35,-25,spherical,1.25,Bacilli,Streptococcaceae,Streptococcus pneumoniae 
ZnO,Capped,11,35,-25,spherical,0.625,Bacilli,Streptococcaceae,Streptococcus pneumoniae 
ZnO,Capped,11,35,-25,spherical,0.625,Bacilli,Streptococcaceae,Streptococcus pneumoniae 
ZnO,Capped,11,35,-25,spherical,0.625,Gammaproteobacteria,Pseudomonadaceae,Pseudomonas aeruginosa 
ZnO,Capped,11,35,-25,spherical,2.5,Gammaproteobacteria,Pseudomonadaceae,Pseudomonas aeruginosa 
ZnO,Capped,11,35,-25,spherical,0.625,Gammaproteobacteria,Pseudomonadaceae,Pseudomonas aeruginosa 
ZnO,Capped,11,35,-25,spherical,5,Gammaproteobacteria,Pseudomonadaceae,Pseudomonas aeruginosa 
ZnO,Capped,11,35,-25,spherical,0.625,Gammaproteobacteria,Pseudomonadaceae,Pseudomonas aeruginosa 
ZnO,Capped,11,35,-25,spherical,2.5,Gammaproteobacteria,Pseudomonadaceae,Pseudomonas aeruginosa 
ZnO,Capped,11,35,-25,spherical,2.5,Gammaproteobacteria,Pseudomonadaceae,Pseudomonas aeruginosa 
ZnO,Capped,11,35,-25,spherical,1.25,Gammaproteobacteria,Pseudomonadaceae,Pseudomonas aeruginosa 
ZnO,Capped,11,35,-25,spherical,0.625,Gammaproteobacteria,Pseudomonadaceae,Pseudomonas aeruginosa 
ZnO,Capped,11,35,-25,spherical,0.625,Gammaproteobacteria,Pseudomonadaceae,Pseudomonas aeruginosa 
ZnO,Capped,11,35,-25,spherical,2.5,Gammaproteobacteria,Pseudomonadaceae,Pseudomonas aeruginosa 
ZnO,Capped,11,35,-25,spherical,1.25,Gammaproteobacteria,Pseudomonadaceae,Pseudomonas aeruginosa 
IO,Capped,50,65,-32,spherical,32,Gammaproteobacteria,Enterobacteriaceae,Escherichia coli 
IO,Capped,50,65,-32,spherical,32,Gammaproteobacteria,Pseudomonadaceae,Pseudomonas aeruginosa 
IO,Capped,21,63,11,spherical,60,Gammaproteobacteria,Enterobacteriaceae,Escherichia coli 
IO,Capped,21,63,11,spherical,60,Bacilli,Staphylococcaceae,Staphylococcus aureus 
IO,Capped,21,63,11,spherical,60,Gammaproteobacteria,Pseudomonadaceae,Pseudomonas aeruginosa 
IO,Capped,21,63,11,spherical,80,Gammaproteobacteria,Moraxellaceae,Acinitobacter baumannii
IO,Capped,21,63,11,spherical,80,Gammaproteobacteria,Enterobacteriaceae,Klebsiella pneumoniae 
IO,Uncapped,79,87,23,spherical,60,Gammaproteobacteria,Enterobacteriaceae,Escherichia coli 
IO,Uncapped,79,87,23,spherical,60,Bacilli,Staphylococcaceae,Staphylococcus aureus 
IO,Uncapped,79,87,23,spherical,80,Gammaproteobacteria,Pseudomonadaceae,Pseudomonas aeruginosa 
IO,Uncapped,79,87,23,spherical,80,Gammaproteobacteria,Moraxellaceae,Acinitobacter baumannii
IO,Uncapped,79,87,23,spherical,80,Gammaproteobacteria,Enterobacteriaceae,Klebsiella pneumoniae 
